item_id,dept_id,cat_id,store_id,state_id,d_1884,d_1885,d_1886,d_1887,d_1888,d_1889,d_1890,d_1891,d_1892,d_1893,d_1894,d_1895,d_1896,d_1897,d_1898,d_1899,d_1900,d_1901,d_1902,d_1903,d_1904,d_1905,d_1906,d_1907,d_1908,d_1909,d_1910,d_1911,d_1912
2938,6,2,0,0,0,0,0,0,1,0,0,0,0,1,0,1,0,0,0,1,0,2,0,0,0,0,0,0,0,0,0,0,1
974,2,0,0,0,25,33,17,13,22,14,19,20,36,21,11,18,18,12,26,31,1,10,19,5,7,16,27,21,8,13,7,8,23
1041,2,0,0,0,0,0,1,1,1,3,2,3,7,2,1,0,4,4,1,1,1,2,2,2,3,3,3,0,1,2,1,3,2
2492,5,2,0,0,0,0,0,1,0,1,1,1,2,0,0,0,0,0,0,1,1,0,3,0,1,0,1,0,0,1,1,0,0
2142,5,2,0,0,4,1,0,7,4,1,1,3,5,8,2,2,0,1,2,4,6,2,1,3,1,5,2,4,3,1,3,2,2
1543,3,1,0,0,3,1,1,1,0,2,0,0,1,0,0,0,0,0,0,1,3,0,0,0,0,0,0,1,0,0,0,0,0
2026,5,2,0,0,1,0,3,0,0,0,1,4,0,0,0,1,0,3,2,0,1,0,1,0,0,0,0,1,1,0,0,1,0
856,2,0,0,0,0,0,0,0,1,0,0,0,0,0,3,0,0,1,1,0,0,0,1,0,2,0,1,0,2,0,1,0,0
801,2,0,0,0,0,0,1,0,1,2,0,2,1,3,0,2,2,1,2,7,0,0,0,0,0,2,0,1,0,0,0,0,2
3037,6,2,0,0,0,0,0,0,0,1,1,0,0,0,0,1,0,1,0,0,1,0,2,0,0,0,0,0,0,1,0,0,0
852,2,0,0,0,0,0,0,0,0,1,0,0,0,5,0,0,0,1,0,0,0,0,1,1,0,1,0,0,0,0,0,2,0
1665,3,1,0,0,0,0,0,0,0,0,0,0,0,0,0,0,0,0,0,0,0,0,0,0,0,0,0,0,0,0,0,0,0
2352,5,2,0,0,0,0,0,0,0,0,0,1,1,1,2,4,0,7,4,4,0,1,2,1,3,2,0,3,1,5,1,5,2
2231,5,2,0,0,9,6,1,0,0,1,12,6,4,0,0,3,0,6,10,5,10,2,0,0,0,9,2,4,3,0,6,3,7
1409,2,0,0,0,4,2,3,1,1,2,3,1,7,5,0,4,3,5,1,5,1,1,2,1,4,1,5,2,1,1,4,3,2
1931,4,1,1,0,0,0,0,0,0,0,1,0,0,0,0,0,0,0,0,0,0,0,0,0,0,0,0,0,0,0,0,0,0
2510,5,2,0,0,2,0,1,1,1,3,4,0,4,3,0,2,0,0,3,0,0,0,1,1,0,1,1,0,0,0,0,0,3
1739,3,1,1,0,1,1,0,0,1,0,0,2,0,1,0,1,2,0,0,1,2,1,0,0,0,1,1,1,1,0,0,2,0
132,0,0,0,0,0,1,0,0,0,0,0,0,3,0,0,2,0,1,1,0,0,0,0,0,1,1,0,0,0,0,1,0,2
2521,5,2,0,0,5,1,0,0,0,2,4,1,0,1,1,9,0,6,6,0,0,0,1,6,1,1,1,1,0,0,0,0,0
2363,5,2,0,0,5,2,0,2,0,6,2,5,2,3,0,2,2,1,4,3,2,2,1,4,1,5,4,3,0,2,2,1,3
1437,3,1,1,0,3,0,0,3,1,0,1,1,0,2,0,0,0,0,0,1,0,0,1,0,0,0,1,2,0,4,0,0,2
2554,6,2,0,0,0,0,2,0,0,0,2,0,1,1,0,0,0,0,1,0,0,0,0,0,0,0,0,0,0,0,0,0,0
2079,5,2,0,0,0,0,0,0,0,0,0,0,0,0,1,0,0,0,1,0,0,0,0,0,1,1,3,0,1,0,0,0,1
106,0,0,1,0,1,4,0,0,0,2,0,1,2,0,0,0,0,0,1,0,0,0,0,0,1,2,2,2,3,0,2,2,3
1938,4,1,0,0,0,0,0,0,0,0,0,1,0,0,0,0,0,0,0,0,0,0,0,0,0,0,0,0,0,0,0,0,0
2454,5,2,1,0,4,9,6,0,6,5,3,3,7,4,5,0,0,2,1,0,2,0,0,2,2,5,5,0,0,0,2,4,6
1770,3,1,0,0,1,0,0,0,0,1,0,1,0,0,0,0,1,1,0,0,1,0,0,0,2,1,0,0,2,0,0,0,2
23,0,0,1,0,3,2,5,4,0,0,0,0,0,0,1,0,1,3,2,3,0,0,2,1,0,4,0,0,1,0,0,0,0
1923,4,1,0,0,0,0,1,0,0,0,0,0,0,0,0,0,0,0,0,0,0,0,0,0,0,0,0,0,0,0,0,0,0
350,1,0,0,0,1,0,0,2,0,0,1,0,0,0,3,0,0,0,2,0,1,2,0,1,0,0,0,0,0,0,0,0,0
1830,3,1,0,0,1,0,0,0,0,0,0,2,0,0,0,0,0,0,0,0,0,0,0,0,0,0,0,0,0,0,0,0,0
181,0,0,1,0,2,2,0,0,0,0,0,1,2,2,0,0,0,0,0,5,1,0,0,0,2,0,0,1,0,0,0,1,3
205,0,0,1,0,0,0,0,0,0,0,0,0,0,0,0,0,0,0,0,0,0,0,0,0,0,0,0,0,0,0,0,0,0
143,0,0,0,0,2,2,2,1,2,2,1,1,0,1,0,0,0,1,4,0,0,0,2,1,1,1,1,0,0,0,0,6,0
903,2,0,0,0,4,2,3,0,2,4,9,4,8,3,1,3,0,2,2,8,1,6,0,3,6,1,7,4,3,3,2,4,3
1973,4,1,1,0,2,1,0,0,0,0,1,0,1,0,0,0,0,0,0,1,1,2,1,0,0,0,0,0,0,0,2,0,1
2703,6,2,1,0,1,0,2,2,1,0,2,0,0,0,2,5,0,1,0,2,3,0,1,1,2,3,1,1,2,1,1,1,2
305,1,0,1,0,0,0,0,1,0,1,0,0,1,0,1,0,0,0,0,2,0,0,0,0,0,1,0,0,0,0,0,0,0
487,1,0,0,0,2,0,1,0,0,0,0,1,3,1,0,1,1,0,3,1,2,0,0,0,0,3,1,1,0,0,0,0,1
1987,4,1,1,0,0,0,0,0,0,0,0,1,0,0,0,0,0,0,0,0,0,0,0,0,2,0,0,0,0,0,0,1,0
2509,5,2,1,0,5,11,12,4,10,6,7,7,6,6,6,6,7,12,5,8,6,7,7,5,7,8,7,10,5,6,5,4,13
1466,3,1,0,0,7,21,10,16,2,11,18,0,0,0,0,0,0,0,19,4,25,0,0,0,0,0,12,0,8,7,7,19,3
1502,3,1,0,0,11,0,13,0,0,0,2,1,9,5,3,3,0,6,2,12,5,0,0,1,2,1,3,18,0,0,0,4,4
2275,5,2,0,0,1,3,1,2,0,0,1,0,0,1,1,1,1,0,0,2,1,1,0,0,0,1,0,0,1,2,2,0,1
2294,5,2,1,0,1,2,1,5,0,0,0,2,3,0,0,2,2,1,0,4,0,0,1,0,3,1,1,0,1,2,2,0,0
2161,5,2,1,0,4,4,1,1,1,1,2,10,6,6,2,1,0,1,6,2,8,1,1,0,0,1,5,3,1,0,1,0,3
3023,6,2,1,0,0,2,1,0,1,0,0,0,0,0,0,0,0,0,0,0,1,1,0,0,0,0,1,0,0,0,1,1,2
1549,3,1,1,0,1,0,0,0,0,0,0,0,0,0,0,0,0,0,1,0,1,0,0,1,0,0,0,0,0,0,0,2,0
1047,2,0,0,0,7,5,2,1,3,2,0,2,2,3,4,1,3,3,4,0,0,0,1,2,2,3,3,1,0,6,2,1,2
3003,6,2,1,0,0,4,0,0,1,2,0,2,1,0,0,0,0,0,3,1,0,0,2,0,0,1,0,0,1,0,2,0,2
3016,6,2,1,0,1,3,0,0,0,0,1,2,0,2,1,2,1,0,1,1,0,0,0,0,0,0,0,1,3,0,0,0,0
839,2,0,0,0,4,6,5,5,4,16,9,4,4,11,7,2,11,4,9,5,2,3,3,3,8,10,3,2,4,4,4,3,7
1234,2,0,0,0,0,1,0,0,0,2,0,0,1,0,3,1,1,2,0,0,0,1,0,0,0,0,0,1,1,0,0,0,1
2581,6,2,0,0,0,0,1,2,1,1,2,0,0,0,0,2,0,0,0,0,0,0,0,0,0,0,0,0,0,0,0,0,1
1466,3,1,1,0,1,6,1,13,0,3,2,11,1,2,3,8,1,0,0,0,0,0,0,5,4,5,3,2,0,3,0,1,1
2540,6,2,0,0,0,0,1,0,0,0,0,1,4,0,1,0,0,0,3,1,0,0,1,0,2,3,1,0,0,0,0,1,0
1605,3,1,0,0,2,1,2,0,0,1,1,0,2,1,0,1,0,0,1,2,0,0,2,0,0,0,2,2,1,0,0,0,0
58,0,0,0,0,1,0,0,0,1,0,1,0,1,0,4,0,1,0,1,3,2,0,0,0,1,1,2,0,0,0,2,1,1
958,2,0,0,0,10,8,6,3,2,3,3,9,5,5,2,5,0,7,5,7,4,1,1,0,4,13,12,3,2,2,1,7,2
765,2,0,0,0,0,0,0,0,0,0,0,0,0,0,0,0,0,0,0,0,0,0,0,0,0,0,0,0,0,0,0,0,0
2783,6,2,1,0,0,0,0,0,0,0,0,0,0,0,0,0,0,0,0,0,0,0,0,0,0,0,0,0,0,0,0,0,0
2645,6,2,1,0,0,0,0,0,0,0,1,0,0,0,0,0,0,2,2,0,0,0,0,0,0,0,6,0,0,0,0,0,0
2250,5,2,1,0,8,7,4,4,3,1,8,2,9,3,2,2,1,7,4,13,5,6,3,4,4,5,4,10,1,4,2,4,5
1460,3,1,0,0,0,0,0,0,0,0,0,0,0,0,0,0,0,0,0,0,0,0,0,1,0,0,0,0,0,0,0,2,0
1021,2,0,0,0,1,1,2,0,0,0,0,1,2,1,2,2,0,1,2,1,1,3,4,2,1,2,0,2,2,3,0,5,0
1728,3,1,1,0,2,1,1,1,1,0,0,3,0,0,0,0,0,0,1,2,0,0,1,2,4,0,0,0,0,1,2,0,3
603,1,0,0,0,0,0,0,0,0,0,0,0,0,0,0,0,0,0,0,0,1,2,0,0,0,0,2,0,0,1,0,0,0
2070,5,2,1,0,4,7,1,5,2,2,3,2,4,2,3,0,3,5,3,5,2,1,3,4,3,3,3,2,4,1,1,5,5
63,0,0,1,0,4,2,4,1,1,3,2,4,2,4,1,8,3,3,1,3,4,0,2,1,3,1,1,0,4,3,0,1,6
295,1,0,0,0,0,0,0,0,0,0,0,0,0,0,0,0,0,0,0,0,0,0,0,0,0,0,0,0,0,0,0,0,0
1521,3,1,0,0,0,0,0,0,0,0,0,0,0,0,0,0,0,0,0,0,0,0,0,0,0,0,0,0,0,0,0,2,1
1664,3,1,0,0,0,0,1,1,0,0,0,0,2,0,0,0,0,1,1,1,0,1,0,1,0,2,0,0,0,0,0,1,2
1733,3,1,0,0,0,1,1,0,0,0,0,0,0,0,0,1,1,1,2,0,0,0,0,1,0,0,0,1,2,1,0,0,1
2438,5,2,0,0,2,0,0,0,1,2,0,1,1,0,0,1,0,0,0,0,0,3,2,0,2,0,0,0,0,0,0,0,1
526,1,0,0,0,0,0,0,0,0,0,0,1,3,2,0,0,1,0,1,0,0,0,2,0,0,0,1,0,0,0,0,0,0
2148,5,2,0,0,6,0,9,4,8,4,3,8,4,9,6,3,10,9,15,11,8,9,10,0,10,14,7,3,3,7,0,11,4
1189,2,0,0,0,1,1,1,1,0,1,2,3,7,2,1,7,0,3,4,2,2,2,1,3,3,5,2,2,1,1,1,7,1
915,2,0,0,0,0,0,0,1,0,0,1,3,7,2,0,2,0,2,2,0,0,0,0,0,1,1,1,1,0,3,0,1,0
2140,5,2,1,0,2,1,1,4,1,1,2,2,2,1,1,0,0,2,2,3,0,3,1,0,0,1,3,1,0,2,1,1,4
1709,3,1,1,0,2,1,0,0,0,0,0,0,0,2,1,0,0,0,0,0,1,0,1,0,0,1,1,0,1,0,0,0,2
1569,3,1,1,0,1,0,2,0,0,0,1,1,1,0,0,0,0,0,0,1,1,1,2,0,0,1,0,1,1,1,2,1,0
2571,6,2,1,0,0,1,1,1,0,0,0,0,0,0,0,0,0,0,0,0,0,0,0,1,0,1,1,0,0,0,0,0,0
3,0,0,0,0,0,0,0,0,0,0,0,0,0,0,0,0,0,0,0,0,0,0,0,0,0,0,0,0,0,0,0,0,0
1412,2,0,0,0,3,0,1,5,0,4,1,3,7,0,0,1,5,2,3,10,2,2,1,5,3,3,5,17,4,0,1,3,2
2850,6,2,0,0,0,0,0,0,0,0,0,0,0,0,0,0,0,0,0,0,0,0,0,0,0,0,0,0,0,0,1,0,0
2200,5,2,0,0,0,0,0,1,0,1,3,1,5,1,0,2,1,2,2,2,0,1,0,2,1,2,0,0,1,0,0,0,0
2092,5,2,0,0,3,2,1,0,1,2,3,3,0,0,0,0,0,2,2,2,1,1,0,0,0,0,2,2,2,0,1,2,1
136,0,0,1,0,5,2,5,1,0,0,4,1,2,9,5,1,2,1,5,8,4,2,0,2,9,4,4,5,2,2,4,20,1
2237,5,2,1,0,1,2,2,0,1,1,0,2,1,2,0,3,0,1,2,2,1,1,1,1,0,0,3,1,0,1,0,2,0
2541,6,2,1,0,0,0,0,0,0,2,0,0,0,1,0,1,0,1,0,0,0,1,0,0,0,0,0,0,0,0,0,0,0
1905,4,1,0,0,1,0,0,2,1,0,0,0,0,0,0,0,1,0,0,0,0,0,0,0,0,0,0,0,0,0,0,0,0
1594,3,1,0,0,0,0,0,0,0,0,0,0,0,0,0,0,0,0,0,0,0,0,0,0,0,0,2,0,0,0,0,0,0
2732,6,2,0,0,2,4,0,0,0,0,3,1,2,1,1,1,0,0,2,1,0,2,1,2,1,3,0,1,0,0,1,0,0
1934,4,1,0,0,0,0,0,1,0,0,0,0,0,0,0,0,0,0,0,0,0,0,0,0,0,0,0,0,0,0,0,0,0
79,0,0,1,0,1,3,6,0,3,1,0,1,2,4,1,3,1,5,2,3,7,3,5,1,1,1,0,2,1,4,4,2,5
1328,2,0,0,0,3,1,1,0,0,0,0,0,0,2,1,0,3,1,0,0,0,1,0,0,0,1,1,0,1,1,2,0,2
1844,3,1,1,0,1,1,0,0,2,2,0,1,0,0,1,0,0,1,2,0,0,1,0,0,0,0,2,1,0,1,1,1,0
1810,3,1,0,0,2,0,0,1,1,0,0,1,2,0,0,0,0,0,0,0,0,2,1,1,0,0,1,1,0,1,1,1,1
1516,3,1,0,0,0,0,0,0,0,0,0,0,0,0,0,0,0,0,1,0,0,0,0,0,0,1,0,0,0,0,0,0,1
2990,6,2,0,0,0,3,0,0,0,0,0,0,0,0,0,0,0,0,1,0,0,0,0,1,0,0,0,0,0,0,0,0,0
57,0,0,0,0,0,0,0,0,0,0,1,0,2,0,7,2,0,0,1,2,2,0,4,0,0,0,0,0,0,0,2,0,0
519,1,0,0,0,0,0,0,0,0,0,2,0,0,1,0,0,0,0,0,0,0,0,0,1,0,2,0,0,1,0,0,0,0
2827,6,2,1,0,6,1,0,1,0,6,0,2,4,1,2,3,0,0,0,3,0,1,2,0,0,0,0,0,0,1,1,1,0
1902,4,1,0,0,0,0,0,0,0,0,0,0,0,0,0,0,0,0,0,0,0,0,0,0,0,0,0,0,0,0,0,0,0
1685,3,1,0,0,2,1,12,1,0,5,1,0,7,8,17,8,2,7,2,2,3,3,3,4,5,1,2,4,8,7,6,2,1
2368,5,2,0,0,2,1,0,0,1,0,0,1,2,1,1,0,1,2,2,1,0,0,0,1,3,2,1,0,2,0,0,1,0
2772,6,2,0,0,0,0,0,0,0,0,0,0,0,0,0,0,0,0,0,0,0,0,5,0,0,0,0,0,1,4,0,0,0
2912,6,2,1,0,1,3,0,1,0,0,0,3,1,1,0,0,0,1,0,1,2,1,1,0,0,2,1,0,0,0,0,1,1
2775,6,2,0,0,0,0,0,0,0,0,0,0,0,0,0,0,0,0,1,0,0,1,0,0,0,0,0,0,0,0,0,0,0
2843,6,2,0,0,0,0,0,0,0,0,0,0,0,0,0,0,0,0,0,0,0,0,0,0,0,0,0,0,0,0,0,1,2
2527,5,2,0,0,11,9,7,7,5,7,9,11,16,7,8,6,4,6,16,10,6,11,5,6,7,9,10,17,5,3,2,4,13
2597,6,2,1,0,0,0,0,1,0,0,1,1,0,0,1,1,1,0,0,0,0,1,2,0,0,1,0,0,0,0,0,0,0
2179,5,2,0,0,2,0,1,1,0,1,0,2,3,1,2,1,0,1,0,0,2,0,2,1,1,1,1,0,1,0,2,3,1
711,2,0,0,0,14,18,18,19,12,13,12,24,8,15,23,16,6,19,16,1,0,16,9,20,13,20,26,17,11,16,5,15,14
1989,4,1,1,0,0,0,0,0,0,0,0,0,0,0,0,0,0,0,0,0,0,0,0,0,0,0,0,0,0,0,0,0,0
511,1,0,0,0,0,1,0,0,0,1,1,0,0,0,0,2,0,1,0,0,0,0,0,4,0,0,0,0,0,0,0,2,1
482,1,0,0,0,0,0,0,0,0,0,1,0,0,1,0,0,0,0,1,2,0,0,0,1,0,1,0,0,1,0,1,1,0
1677,3,1,0,0,2,1,2,0,0,0,3,2,2,0,0,0,1,1,2,1,0,0,0,0,0,0,0,0,2,1,2,1,0
739,2,0,0,0,9,12,1,2,9,4,10,1,7,5,6,4,9,4,3,4,4,3,4,7,6,7,8,2,3,4,3,4,5
2807,6,2,0,0,0,0,0,2,0,0,0,0,1,0,1,0,0,0,0,1,0,0,0,1,2,0,0,2,1,0,0,1,0
2494,5,2,0,0,1,0,0,0,1,0,2,0,0,0,0,0,0,2,0,0,0,0,0,0,0,0,0,0,0,0,1,0,1
155,0,0,1,0,2,1,1,2,0,1,1,1,1,1,1,1,0,0,1,0,1,1,0,0,1,0,0,0,0,0,2,1,1
1636,3,1,0,0,4,1,3,1,2,2,2,4,2,1,0,1,2,2,2,2,3,2,0,1,0,1,2,0,2,2,3,5,1
668,2,0,0,0,0,0,1,2,0,0,1,2,2,2,0,0,0,0,1,1,0,0,1,0,0,0,2,1,0,0,0,0,1
88,0,0,1,0,2,4,9,1,1,0,5,0,3,2,4,3,3,5,3,5,1,2,0,2,2,6,6,2,3,2,1,2,5
608,1,0,0,0,0,0,0,0,0,1,0,0,0,0,0,0,0,1,0,0,0,0,1,0,2,0,0,0,0,0,1,0,0
110,0,0,1,0,7,1,6,1,0,0,7,4,0,0,0,0,3,4,3,0,2,10,3,2,9,4,1,1,3,0,0,5,8
1207,2,0,0,0,1,1,1,2,2,1,2,4,0,1,1,0,1,2,4,2,1,0,3,0,1,1,1,1,2,0,1,0,1
1538,3,1,1,0,1,4,0,0,1,1,1,0,0,2,1,1,0,0,1,2,0,0,1,0,2,0,0,0,0,1,0,1,0
2644,6,2,1,0,2,3,4,0,2,0,0,1,0,0,0,0,0,0,1,1,1,0,1,1,0,1,1,0,1,0,1,1,2
1495,3,1,1,0,0,0,1,1,0,0,0,0,0,0,0,0,0,0,0,1,0,0,1,0,0,0,0,0,0,1,0,0,0
361,1,0,0,0,1,0,0,0,0,1,1,2,1,1,1,0,1,0,3,2,0,1,0,1,2,1,1,0,2,0,1,0,1
2812,6,2,0,0,0,0,0,0,0,0,0,0,0,2,0,0,0,1,0,0,0,0,0,0,0,0,0,0,0,0,0,0,0
2356,5,2,1,0,1,0,1,0,0,0,1,0,1,0,1,1,0,0,0,0,0,0,1,1,0,2,0,0,0,0,2,0,2
2450,5,2,1,0,4,2,0,5,2,1,3,0,3,2,0,2,3,3,1,3,0,3,3,2,2,1,2,3,0,4,0,0,2
2833,6,2,1,0,4,0,0,0,0,2,1,0,1,0,2,0,1,1,0,0,3,0,2,2,2,0,3,1,1,0,1,0,1
1945,4,1,1,0,0,0,0,0,0,0,1,0,0,0,1,1,0,0,0,1,0,1,0,1,1,0,0,0,1,0,0,3,0
2401,5,2,0,0,13,11,5,5,1,2,4,3,10,8,3,6,2,5,17,7,6,4,0,2,7,7,2,6,4,16,3,2,5
1616,3,1,0,0,0,0,2,1,1,1,1,0,1,0,0,0,0,0,0,1,0,1,0,2,0,2,1,2,0,0,1,0,2
2086,5,2,1,0,3,3,0,1,0,0,0,1,1,1,2,1,1,0,1,0,1,0,0,0,1,0,0,3,1,1,2,2,0
2209,5,2,1,0,5,3,2,1,1,3,4,2,5,1,1,3,1,3,4,5,2,2,1,3,3,2,3,0,1,2,3,0,4
217,1,0,1,0,0,2,0,3,1,3,0,0,0,1,1,1,2,0,5,1,1,0,2,2,0,0,3,2,0,3,0,0,2
2287,5,2,1,0,0,0,1,1,1,0,2,2,2,1,0,2,0,1,0,1,2,0,1,1,1,0,0,1,2,0,0,1,0
2875,6,2,1,0,0,0,0,0,0,0,0,0,0,0,0,0,0,0,0,0,0,0,0,0,0,0,0,0,0,0,0,0,0
1626,3,1,1,0,0,2,2,1,0,0,0,0,0,1,0,0,0,0,1,1,0,0,0,0,1,0,0,1,0,0,0,0,0
1362,2,0,0,0,1,0,2,2,4,0,0,0,0,5,3,1,1,2,3,3,2,3,2,2,2,1,5,6,3,5,1,2,4
1968,4,1,1,0,0,0,0,1,1,0,0,0,0,0,0,0,4,0,1,0,0,0,0,0,0,1,2,0,0,1,0,0,0
1275,2,0,0,0,0,0,0,0,0,0,0,0,0,0,0,0,0,0,0,0,0,0,0,0,0,0,0,0,0,0,0,2,1
963,2,0,0,0,14,16,7,10,10,3,8,22,8,13,3,6,7,5,5,11,13,8,7,5,5,15,19,5,9,11,10,6,10
2856,6,2,0,0,0,1,0,0,0,1,0,0,0,0,0,0,1,0,1,1,0,0,0,0,1,2,0,0,0,0,1,1,1
2295,5,2,1,0,0,0,0,0,0,0,0,0,0,0,0,0,0,0,0,0,0,0,1,0,0,0,0,0,0,0,0,0,0
12,0,0,1,0,4,0,0,1,0,1,0,1,0,0,0,1,4,0,3,0,0,1,0,0,1,2,1,1,0,0,1,0,0
241,1,0,1,0,3,1,1,1,1,1,4,3,1,2,0,0,4,2,7,8,0,0,3,2,2,0,9,2,5,2,2,2,2
248,1,0,0,0,3,2,3,2,3,0,2,3,6,5,6,6,3,2,5,8,3,0,1,0,1,1,9,4,4,0,4,3,2
1445,3,1,0,0,0,0,0,2,0,1,2,0,3,0,0,0,0,0,1,1,0,7,0,0,0,0,1,1,6,0,0,0,0
1282,2,0,0,0,2,0,0,0,0,0,0,1,0,2,0,1,1,0,0,2,2,0,0,0,1,0,0,0,1,0,0,1,0
1235,2,0,0,0,0,0,0,1,1,0,0,0,0,0,0,0,2,4,0,0,0,3,5,0,2,0,2,0,0,0,0,0,0
2052,5,2,1,0,1,8,4,2,2,5,1,12,6,2,4,0,1,4,3,7,3,2,5,2,1,2,9,6,2,1,2,3,6
1581,3,1,0,0,0,0,0,0,0,0,0,0,0,0,0,0,0,0,0,0,0,0,0,0,0,0,0,0,0,0,0,0,0
492,1,0,0,0,2,0,0,1,0,0,4,0,0,0,0,0,2,3,0,1,0,0,1,0,0,0,1,0,0,0,1,3,2
1531,3,1,1,0,0,1,1,0,0,1,0,3,1,0,1,0,0,0,0,3,1,0,0,1,0,2,0,0,1,1,0,1,0
2278,5,2,0,0,2,2,5,0,4,1,2,2,4,4,3,2,4,5,3,4,4,6,2,3,2,4,2,4,4,2,4,6,6
2565,6,2,0,0,0,0,1,0,1,0,0,0,1,0,1,0,0,0,0,0,0,1,0,0,0,0,0,0,1,0,0,0,0
1588,3,1,0,0,1,0,0,2,0,1,1,2,1,3,1,0,0,1,1,2,4,1,2,10,0,1,1,0,1,1,1,0,0
1979,4,1,1,0,0,0,0,0,0,0,0,0,0,0,0,0,0,0,0,0,0,0,0,0,0,0,0,0,0,0,0,0,0
2489,5,2,0,0,3,3,1,2,2,1,1,8,1,1,1,2,1,0,2,1,3,1,2,0,1,3,4,0,0,0,1,2,1
3027,6,2,0,0,2,1,0,1,1,0,2,4,2,1,0,1,0,0,2,1,1,0,2,1,2,0,3,2,0,1,2,0,1
1396,2,0,0,0,1,3,0,1,0,1,3,5,0,2,1,3,1,5,5,4,1,2,1,0,1,3,4,1,2,1,1,1,2
417,1,0,0,0,2,3,0,0,1,0,0,2,3,0,0,0,1,0,2,3,3,1,2,0,1,2,0,0,1,4,0,0,1
1806,3,1,1,0,0,0,0,0,0,0,0,0,1,9,1,0,0,0,0,1,0,1,0,0,1,1,3,0,0,0,0,0,0
195,0,0,0,0,0,0,4,0,0,0,1,2,0,1,0,0,0,1,0,0,0,0,0,0,0,0,0,0,0,0,0,0,0
1084,2,0,0,0,5,1,1,0,0,1,0,1,1,0,0,1,1,0,0,1,0,0,0,0,0,2,1,1,0,2,0,0,1
1427,2,0,0,0,6,2,4,2,1,1,3,6,2,1,4,0,3,1,3,3,0,0,0,0,0,8,4,3,6,1,5,7,5
1909,4,1,0,0,0,0,0,0,0,0,0,0,0,0,0,0,0,0,0,0,0,0,0,0,0,0,0,0,0,0,0,0,0
1677,3,1,1,0,0,0,0,2,0,0,2,1,2,0,0,1,0,2,2,0,0,0,0,0,1,2,1,1,1,1,2,4,1
2462,5,2,1,0,0,2,0,0,0,1,0,1,0,1,0,0,1,0,0,1,0,0,0,0,0,0,0,0,0,0,0,0,0
1884,4,1,1,0,0,0,0,0,0,0,0,0,0,0,0,0,0,0,0,0,0,0,0,0,0,0,0,0,0,1,0,1,0
1716,3,1,0,0,2,0,0,0,0,2,3,1,0,2,0,1,3,1,1,0,0,0,2,2,1,1,1,1,2,1,1,1,0
129,0,0,0,0,3,5,1,0,0,2,2,1,0,3,1,0,2,0,2,2,1,2,1,1,2,2,1,0,1,1,1,3,1
3012,6,2,1,0,0,0,0,0,1,2,1,0,2,3,0,0,0,0,2,3,1,0,0,1,0,1,0,0,1,0,1,2,1
1274,2,0,0,0,1,0,0,0,0,0,0,0,1,0,2,3,0,0,0,0,0,0,1,1,1,0,1,1,0,0,0,1,0
329,1,0,0,0,1,0,5,2,0,0,2,1,4,0,2,1,2,6,7,4,3,0,2,1,3,4,1,2,1,2,2,1,0
1537,3,1,0,0,0,0,0,0,1,0,0,0,2,2,0,0,0,0,0,0,0,0,1,0,0,1,2,0,0,0,0,0,0
1192,2,0,0,0,2,1,7,0,0,0,1,19,7,10,4,4,3,1,11,8,0,3,3,10,9,4,0,4,0,2,0,1,0
1958,4,1,1,0,0,0,0,0,0,0,0,0,0,0,0,0,1,0,0,0,0,0,0,0,0,1,0,0,0,0,0,0,0
2072,5,2,1,0,0,2,1,0,0,0,1,0,0,3,0,2,0,1,0,0,0,2,0,3,2,0,1,0,0,1,0,2,1
2049,5,2,1,0,1,5,1,2,1,3,6,5,6,1,4,2,2,4,8,6,2,0,3,2,1,3,5,2,1,1,1,2,1
1967,4,1,0,0,1,1,0,1,1,0,3,0,0,2,1,0,0,1,3,0,0,0,1,0,1,1,0,1,0,1,0,1,0
274,1,0,0,0,0,0,1,2,0,0,0,1,2,0,0,0,0,0,0,0,0,0,0,0,0,0,3,1,1,1,0,2,3
2118,5,2,0,0,1,3,2,3,2,0,0,1,0,2,1,0,0,0,1,0,0,1,1,1,2,1,2,2,1,2,0,0,2
2182,5,2,1,0,4,3,3,2,1,0,3,5,1,1,0,1,2,0,3,5,1,3,2,2,3,5,1,0,2,2,2,2,2
2332,5,2,1,0,1,0,1,2,0,0,0,0,0,0,0,0,0,0,1,0,0,1,0,0,0,0,0,0,0,2,0,1,0
5,0,0,1,0,0,0,0,0,0,0,0,0,0,0,1,1,3,1,2,1,1,0,1,2,1,0,3,0,0,1,0,0,1
406,1,0,0,0,2,0,3,1,1,2,1,2,6,2,0,2,0,4,3,4,2,3,4,4,2,2,4,0,1,8,0,0,2
2533,5,2,0,0,0,2,0,2,1,1,0,5,5,1,1,1,0,0,0,0,0,0,0,0,0,0,0,0,0,0,0,0,0
2266,5,2,0,0,0,0,1,0,0,0,0,4,0,0,0,0,0,0,0,0,0,0,0,1,1,0,2,0,0,0,0,0,0
1193,2,0,0,0,2,1,0,0,0,1,2,2,0,1,1,0,0,2,0,0,1,2,0,4,0,0,2,1,2,1,4,0,0
2217,5,2,1,0,0,2,3,0,1,1,2,2,2,2,2,0,0,1,2,1,3,1,0,1,2,0,1,2,0,1,1,2,2
2769,6,2,1,0,0,1,0,0,1,0,1,0,0,0,0,0,0,0,0,0,0,0,0,0,0,0,0,1,0,0,0,1,0
2279,5,2,1,0,0,1,1,0,0,2,3,2,4,3,1,1,0,0,5,3,0,0,1,2,1,2,3,1,3,3,0,1,4
2201,5,2,0,0,3,6,1,13,0,4,6,14,7,5,6,6,0,1,7,7,4,3,4,4,4,3,7,5,1,0,9,8,3
1155,2,0,0,0,0,1,0,0,1,0,0,0,0,0,0,0,2,0,1,0,1,1,1,1,0,0,1,0,0,0,1,1,0
2716,6,2,1,0,1,2,1,2,2,1,0,2,3,2,3,2,0,1,2,2,3,3,0,1,4,0,0,1,1,1,2,1,1
1683,3,1,1,0,15,13,6,4,2,1,17,7,7,1,4,14,13,10,9,16,8,14,1,1,4,5,0,4,6,5,6,10,5
582,1,0,0,0,2,1,2,1,3,1,3,0,3,7,3,2,2,2,1,1,4,1,1,2,1,0,4,1,2,1,0,2,0
745,2,0,0,0,5,9,8,9,11,5,6,10,10,12,7,3,9,4,7,21,9,3,5,4,9,3,7,7,19,5,3,8,5
1813,3,1,1,0,0,0,0,0,0,0,0,0,0,0,0,1,0,0,0,4,1,0,0,0,0,0,0,0,1,0,1,0,0
2367,5,2,1,0,3,4,1,2,2,0,0,0,3,2,1,0,2,2,3,4,0,1,0,2,4,0,4,0,1,2,2,1,2
2348,5,2,0,0,2,2,2,5,2,4,2,0,7,0,0,0,0,0,0,3,5,4,1,1,1,0,0,0,0,0,3,4,0
1533,3,1,1,0,0,0,2,0,1,0,1,0,1,0,0,0,0,0,0,1,1,0,1,0,0,1,1,1,0,0,2,0,0
2436,5,2,0,0,0,3,0,0,0,0,0,0,3,0,0,0,0,0,0,0,0,0,0,0,0,0,0,0,0,0,2,2,0
2041,5,2,1,0,3,1,0,0,2,1,4,0,0,0,5,0,1,2,1,4,4,1,0,4,2,4,4,0,2,1,0,2,1
871,2,0,0,0,4,2,6,3,0,1,1,2,4,1,2,4,2,3,3,5,6,9,0,0,1,3,5,4,4,1,0,0,3
2464,5,2,1,0,1,1,1,0,0,0,1,0,1,1,0,0,0,1,0,0,0,2,0,0,0,0,2,0,0,1,0,1,0
758,2,0,0,0,0,3,0,1,0,0,1,2,3,2,0,2,2,2,1,2,2,2,1,0,0,2,5,4,4,0,2,2,0
177,0,0,1,0,8,1,2,2,0,2,4,1,4,2,0,1,6,1,4,4,4,5,0,2,2,3,2,2,1,0,0,0,1
1470,3,1,0,0,2,0,0,0,0,2,2,0,0,1,2,1,2,1,0,0,0,0,2,1,0,1,0,1,0,0,0,0,0
2177,5,2,1,0,3,5,1,3,4,1,0,5,3,0,1,2,1,3,4,8,1,3,1,0,10,5,3,1,1,1,3,3,3
2457,5,2,0,0,13,16,8,12,15,9,17,14,22,82,2,5,16,7,4,19,11,19,7,9,24,21,15,10,9,10,13,16,37
35,0,0,0,0,16,6,0,0,2,1,2,6,0,0,4,1,0,2,3,3,0,3,0,2,7,4,2,0,3,1,2,2,2
2170,5,2,0,0,8,8,4,2,4,1,2,10,3,4,1,3,2,0,7,8,6,4,1,0,0,5,12,10,4,2,1,5,2
2970,6,2,1,0,2,2,0,0,2,1,1,2,3,0,0,0,1,1,2,1,0,1,1,1,1,1,4,0,1,1,1,1,1
1662,3,1,1,0,4,3,9,5,6,4,5,26,24,6,0,7,3,1,4,4,0,4,0,0,3,2,24,3,0,1,0,6,3
8,0,0,0,0,0,0,0,0,0,0,0,0,1,0,1,3,0,0,0,0,0,0,0,0,0,0,0,0,0,0,0,0,2
1523,3,1,1,0,2,2,2,0,1,1,2,2,1,0,1,0,0,0,3,1,2,1,1,1,1,2,3,2,0,0,0,0,1
1077,2,0,0,0,0,1,0,0,1,0,3,6,0,0,0,1,0,0,5,1,0,0,1,2,0,3,1,1,0,2,0,0,7
1095,2,0,0,0,0,0,0,0,0,0,0,0,0,0,0,0,0,0,0,0,0,0,0,0,0,0,0,0,0,0,0,0,0
1734,3,1,0,0,0,1,4,0,0,0,0,0,0,1,0,0,1,0,0,1,0,1,0,0,1,0,0,0,1,0,1,0,1
727,2,0,0,0,2,0,1,0,2,2,2,2,0,2,1,2,0,1,1,1,3,0,2,2,4,1,2,0,1,1,1,4,1
2090,5,2,0,0,0,0,0,0,0,0,0,0,0,0,1,2,0,1,0,0,0,0,0,0,0,0,0,0,0,0,0,0,0
2162,5,2,1,0,4,1,1,1,1,0,3,1,2,3,0,1,0,1,1,2,1,0,0,0,0,0,1,0,0,0,0,1,1
2692,6,2,0,0,2,0,1,0,0,0,0,0,0,1,1,0,0,0,2,1,0,1,0,0,0,0,2,0,0,1,0,2,0
2908,6,2,1,0,0,0,2,0,0,0,0,1,0,0,0,0,0,0,0,2,0,0,3,0,0,0,2,0,0,0,2,0,0
1667,3,1,0,0,0,0,1,0,0,0,0,0,2,1,0,1,0,1,1,0,0,0,0,0,0,0,2,0,0,1,1,1,0
1664,3,1,1,0,2,0,0,2,0,3,1,1,4,1,1,1,2,0,0,0,0,1,1,1,3,0,1,1,0,3,0,0,3
1618,3,1,1,0,1,1,0,0,0,1,0,1,1,0,0,0,0,0,1,0,0,0,0,0,0,0,0,0,0,0,0,0,2
2128,5,2,0,0,1,0,2,0,0,1,1,3,0,1,0,2,0,1,3,1,1,0,2,1,0,2,0,0,0,0,0,0,0
1142,2,0,0,0,8,2,3,1,1,6,2,6,4,1,4,5,2,1,3,2,2,4,3,1,3,1,5,3,2,1,6,0,4
202,0,0,1,0,1,1,1,0,1,2,0,2,0,2,1,1,1,0,2,1,0,0,1,0,3,1,0,0,0,4,0,1,1
2406,5,2,0,0,8,1,9,8,5,5,6,9,1,0,3,4,9,13,31,21,9,5,10,9,11,16,12,9,6,5,1,6,6
2070,5,2,0,0,3,2,3,4,2,5,7,12,8,7,5,5,2,3,6,5,7,4,4,4,3,5,5,4,0,0,3,1,3
2480,5,2,1,0,0,2,1,2,0,2,0,1,5,2,0,1,0,1,0,4,1,1,2,3,2,4,0,0,0,1,0,3,2
2465,5,2,1,0,4,8,7,4,4,1,4,5,8,1,0,1,0,5,4,6,1,5,3,5,3,6,7,5,1,2,4,5,6
2758,6,2,0,0,1,0,1,0,0,1,0,1,0,0,0,0,2,0,1,0,1,0,0,0,0,0,1,0,0,0,2,2,0
219,1,0,0,0,0,0,0,0,3,1,0,3,6,1,0,0,1,0,5,3,5,0,0,3,0,1,0,1,0,2,1,1,0
566,1,0,0,0,0,0,0,2,1,0,1,7,4,8,1,0,3,3,1,1,6,9,5,3,4,6,7,3,3,10,7,7,5
2854,6,2,0,0,2,2,0,5,0,0,1,4,1,0,2,4,0,0,0,1,1,0,3,0,0,0,0,0,1,1,0,2,8
170,0,0,0,0,0,0,0,0,1,2,2,1,2,0,1,1,1,1,2,3,2,1,2,6,0,0,0,3,0,2,3,0,3
54,0,0,1,0,0,0,0,0,0,0,0,0,0,0,0,0,0,0,0,0,0,0,0,0,0,0,0,0,0,0,0,0,0
40,0,0,1,0,6,4,2,1,1,2,1,2,8,2,0,0,5,3,8,1,2,0,1,0,0,1,5,3,4,1,4,0,4
2506,5,2,1,0,1,10,1,2,3,0,3,4,5,5,1,2,0,8,8,1,1,3,1,2,3,7,7,1,3,1,1,3,5
40,0,0,0,0,1,5,1,2,5,2,0,2,7,4,5,4,0,4,1,3,4,4,2,3,5,3,7,4,2,0,5,2,11
2920,6,2,0,0,0,1,0,0,0,0,0,0,1,0,2,1,0,0,1,0,2,0,0,1,0,1,0,0,2,0,4,0,1
663,2,0,0,0,0,0,0,1,0,1,0,0,0,0,0,0,2,0,0,3,0,0,0,0,0,1,1,0,0,0,0,0,0
2314,5,2,0,0,3,1,4,1,0,1,1,1,0,3,0,1,1,2,3,2,2,3,1,1,0,1,1,3,1,4,1,0,2
1913,4,1,1,0,0,0,0,0,0,1,0,0,0,0,0,0,0,0,0,0,1,1,3,0,0,0,0,0,0,0,2,0,0
404,1,0,0,0,0,0,0,0,0,5,2,2,0,1,0,2,3,0,1,0,2,1,2,1,1,0,0,2,0,1,0,2,0
1863,4,1,0,0,0,0,0,0,1,1,0,1,1,0,0,0,0,1,1,0,0,1,0,0,1,0,1,0,0,0,0,0,0
2063,5,2,0,0,1,0,0,0,0,0,1,0,0,2,2,0,0,0,1,0,2,0,0,0,2,1,0,0,0,0,0,1,1
3026,6,2,0,0,1,0,0,0,0,2,1,1,0,0,0,0,0,0,1,0,0,0,0,1,0,0,0,0,0,0,0,1,2
611,1,0,0,0,1,1,3,1,0,2,0,0,2,0,0,1,2,0,0,2,0,0,3,2,0,2,2,1,1,2,1,1,1
605,1,0,0,0,2,1,1,4,0,1,2,6,4,5,0,0,2,1,0,0,7,0,1,0,1,0,6,3,0,0,2,1,4
2871,6,2,1,0,1,1,1,0,0,0,0,0,4,1,1,0,0,0,0,0,0,1,0,2,0,0,3,0,0,0,0,3,1
2922,6,2,0,0,0,0,0,0,0,0,0,0,2,0,0,0,0,0,0,1,0,0,0,1,1,0,1,0,1,1,0,0,0
127,0,0,0,0,5,2,2,0,1,0,0,5,0,3,2,1,2,1,3,6,2,2,2,4,0,2,0,6,1,3,2,0,1
868,2,0,0,0,0,1,0,0,0,0,0,1,1,0,0,0,0,0,0,0,0,0,0,0,0,0,0,1,0,0,1,0,0
972,2,0,0,0,0,0,0,0,0,0,2,0,1,0,0,1,1,0,0,0,0,0,0,0,0,0,0,1,0,0,0,0,0
1281,2,0,0,0,8,7,2,3,1,2,3,3,2,4,2,4,2,1,4,4,3,4,1,2,3,0,2,1,0,4,3,2,2
1586,3,1,0,0,5,2,1,1,2,1,3,3,2,0,3,0,3,1,1,4,2,0,0,1,0,1,1,4,3,1,3,2,1
2113,5,2,0,0,0,0,0,0,0,0,0,0,0,0,0,0,0,0,0,0,0,0,0,0,0,1,1,0,1,0,0,2,0
2698,6,2,0,0,0,0,0,0,0,0,0,0,1,0,0,0,0,0,0,1,0,0,1,0,1,0,0,0,0,1,0,0,1
256,1,0,1,0,3,0,0,0,0,0,0,0,0,0,0,0,0,0,0,0,2,0,1,1,0,3,2,2,0,0,0,2,0
1449,3,1,0,0,0,0,0,0,0,1,0,1,2,0,0,0,0,0,1,0,1,0,0,1,2,0,2,1,0,0,0,0,1
221,1,0,0,0,1,1,0,1,0,1,2,2,1,0,0,0,1,0,0,0,0,1,0,1,0,0,1,1,1,0,0,1,0
1636,3,1,1,0,1,1,1,1,1,0,0,0,0,3,1,1,1,0,2,0,0,2,2,2,1,1,0,0,0,1,0,1,3
2928,6,2,0,0,0,0,0,0,0,0,0,0,0,1,0,0,1,0,1,0,0,0,1,0,0,1,0,0,0,0,0,1,0
1115,2,0,0,0,4,11,4,2,3,5,8,9,9,4,4,1,3,13,10,7,2,7,2,4,5,7,6,6,4,1,5,0,1
2074,5,2,1,0,2,1,0,0,1,0,0,4,4,1,1,0,0,2,1,1,0,0,3,0,0,1,4,0,1,0,1,1,3
2861,6,2,0,0,0,0,0,0,0,0,0,0,0,0,0,0,0,0,0,0,0,0,0,0,0,0,0,0,0,1,0,1,1
2993,6,2,1,0,0,0,0,0,0,1,0,0,2,0,0,0,0,0,0,0,0,0,0,1,1,1,0,0,0,0,0,0,2
2983,6,2,1,0,1,0,0,1,0,1,0,1,1,1,1,0,0,1,0,2,1,0,1,0,2,1,0,0,0,0,2,1,1
2168,5,2,0,0,0,0,0,0,0,0,0,0,0,0,0,0,0,0,0,0,0,0,0,0,0,0,0,0,1,0,0,3,0
2668,6,2,0,0,0,1,0,1,0,1,2,0,2,1,0,0,1,0,1,0,0,0,2,0,0,0,1,0,1,0,0,0,4
22,0,0,0,0,0,0,1,0,0,0,0,0,0,0,0,0,0,0,0,0,0,0,0,0,0,0,0,0,0,0,0,0,1
2324,5,2,1,0,3,0,0,0,0,3,1,2,3,2,3,1,4,2,2,0,1,1,2,2,4,1,5,1,2,5,0,2,2
2647,6,2,0,0,0,0,0,0,0,0,0,0,0,0,0,0,0,0,0,0,0,0,0,0,0,0,0,0,0,1,1,1,1
1656,3,1,1,0,0,0,0,0,0,0,0,0,0,1,0,0,0,0,0,2,2,0,0,5,1,0,5,0,0,1,0,0,0
322,1,0,0,0,0,0,0,0,0,0,0,0,0,0,0,0,0,0,0,0,0,0,0,0,0,0,0,0,1,4,0,0,0
1990,4,1,0,0,1,0,0,0,0,0,0,0,0,0,0,0,0,0,0,0,0,0,0,0,0,0,0,0,0,0,0,0,0
1928,4,1,0,0,0,0,0,0,1,0,0,0,0,1,0,3,2,2,1,0,0,0,0,0,0,0,1,0,0,4,0,0,0
1350,2,0,0,0,39,23,16,32,20,29,27,17,27,15,13,12,10,12,11,14,15,8,13,9,20,17,26,17,16,7,15,10,12
717,2,0,0,0,2,1,0,0,0,1,0,0,3,1,0,1,0,3,1,0,1,1,0,0,0,2,1,0,0,1,0,1,2
583,1,0,0,0,1,0,1,1,0,0,5,0,0,1,1,0,0,0,3,2,0,0,0,0,1,0,0,0,0,1,1,0,0
1452,3,1,1,0,2,3,2,1,1,0,23,8,1,0,2,4,3,3,13,3,0,0,4,2,2,4,2,2,6,1,1,1,4
2094,5,2,0,0,17,11,18,12,6,11,13,15,18,12,9,20,7,9,15,21,13,18,13,15,5,11,25,2,4,6,6,9,5
762,2,0,0,0,5,8,7,2,3,4,2,7,3,8,12,7,4,7,4,6,8,5,6,14,2,2,8,4,11,1,3,2,13
613,1,0,0,0,0,1,4,1,0,1,0,4,1,1,0,5,5,2,2,1,4,0,1,0,3,1,5,1,4,2,2,2,2
2652,6,2,1,0,0,3,0,2,1,1,2,1,3,1,0,1,1,1,0,0,0,1,0,0,0,2,2,0,0,2,0,1,0
2607,6,2,0,0,1,2,1,3,1,1,4,3,4,1,3,2,2,2,4,5,2,0,0,2,3,3,0,1,1,5,2,4,2
1569,3,1,0,0,2,3,1,2,1,0,2,4,1,1,2,2,1,1,0,0,0,3,1,1,2,3,0,1,2,2,0,1,1
1908,4,1,0,0,0,0,0,1,1,0,0,0,0,0,0,0,0,0,0,0,0,2,0,1,0,0,1,0,0,0,0,0,0
1613,3,1,1,0,0,0,0,0,0,0,0,0,0,2,0,0,0,0,0,1,0,0,0,0,0,0,0,0,0,0,0,0,0
2842,6,2,0,0,1,0,0,0,3,0,0,0,0,0,0,0,1,0,0,1,0,0,0,0,0,3,0,0,0,2,1,0,0
1264,2,0,0,0,10,10,3,5,7,1,7,15,16,2,6,3,8,9,14,11,8,7,2,9,3,11,11,2,5,6,5,6,8
2892,6,2,1,0,0,0,0,2,0,0,2,1,0,0,1,1,1,1,1,2,0,1,0,1,0,0,0,0,0,0,0,0,0
31,0,0,1,0,0,0,0,0,0,0,0,0,0,0,0,0,0,0,0,0,0,1,2,1,0,0,0,0,0,0,0,0,0
1214,2,0,0,0,1,0,2,2,0,0,2,3,2,0,2,3,4,1,4,2,4,1,1,1,3,7,8,1,1,0,4,1,2
1724,3,1,0,0,1,1,0,0,1,0,0,1,1,0,0,1,0,2,0,1,1,1,0,0,0,1,1,0,0,1,0,0,1
257,1,0,0,0,0,0,0,0,0,0,0,0,0,0,0,0,0,0,0,0,0,0,0,0,0,0,0,0,0,0,0,0,0
1502,3,1,1,0,3,2,0,6,1,6,0,0,0,0,0,0,1,1,1,1,0,0,0,0,8,5,0,0,1,0,0,0,15
2013,5,2,1,0,5,0,2,1,0,0,0,1,0,1,0,0,1,0,1,0,0,2,1,0,0,1,3,1,1,0,1,2,0
700,2,0,0,0,0,1,0,0,1,0,1,0,1,1,0,0,1,1,2,0,2,0,2,0,2,1,2,1,0,0,0,0,0
262,1,0,1,0,2,0,2,1,0,4,4,1,0,1,0,1,1,0,0,2,0,0,1,4,3,1,1,0,0,1,0,0,1
6,0,0,0,0,2,0,0,0,0,0,1,1,0,0,0,0,0,0,0,1,0,0,0,0,0,1,0,0,0,0,0,0,0
2431,5,2,0,0,0,0,1,1,0,2,0,2,0,0,0,0,0,3,3,5,0,0,1,3,5,5,1,2,5,0,1,0,0
191,0,0,0,0,1,4,0,0,0,1,4,0,3,0,2,2,3,1,1,0,0,1,2,2,1,1,0,0,1,1,0,1,1
1030,2,0,0,0,4,2,0,2,1,1,1,0,4,0,3,0,0,2,4,4,2,0,0,0,1,3,4,2,2,3,1,3,3
141,0,0,1,0,3,0,0,2,0,0,1,0,1,0,1,1,0,1,2,1,1,0,0,2,0,2,0,2,0,0,1,2,1
1923,4,1,1,0,2,0,0,0,0,0,0,0,0,0,0,0,0,0,0,0,0,0,0,0,1,1,0,0,0,0,1,0,0
170,0,0,1,0,0,6,0,0,1,1,1,0,0,0,1,0,1,3,1,0,0,1,1,1,0,1,1,1,0,1,0,0,1
2299,5,2,1,0,6,5,2,2,2,1,5,5,1,1,1,1,1,2,7,6,5,1,2,3,2,3,7,3,2,0,3,2,1
495,1,0,0,0,0,0,0,0,1,0,1,0,1,0,1,0,0,0,0,0,1,0,0,0,0,0,1,2,0,1,0,1,0
1432,2,0,0,0,0,0,0,0,0,0,0,0,0,0,0,0,0,0,0,0,0,1,4,2,4,0,2,1,0,2,0,4,1
1853,4,1,0,0,0,0,1,1,0,0,0,0,0,0,0,0,2,0,0,0,0,0,0,0,0,2,0,0,0,0,0,0,1
2414,5,2,0,0,3,3,0,0,0,1,2,2,0,1,1,2,3,0,4,1,1,0,1,1,1,2,0,2,3,1,2,1,0
805,2,0,0,0,0,2,0,1,1,0,2,0,0,2,1,1,0,0,0,0,0,0,1,0,4,0,1,1,0,4,0,0,0
1942,4,1,0,0,0,0,0,0,0,0,0,0,0,0,0,0,0,0,0,0,0,0,0,0,0,0,0,0,0,0,0,0,0
2540,6,2,1,0,0,0,0,0,1,1,0,0,0,0,1,0,0,2,0,0,0,0,0,0,0,1,2,0,0,0,0,1,1
2643,6,2,1,0,2,2,5,2,0,4,7,4,3,7,1,4,7,3,6,1,8,5,2,4,4,8,8,8,1,3,4,2,9
2329,5,2,1,0,7,13,5,4,3,9,3,7,5,5,9,8,3,9,12,8,11,3,7,12,4,11,22,1,2,4,1,3,19
1851,3,1,0,0,2,1,1,0,2,1,0,3,0,2,2,1,1,4,2,2,1,0,1,2,1,6,0,1,0,4,0,0,1
2536,6,2,1,0,2,3,0,0,0,0,2,1,3,0,0,1,0,1,1,0,1,1,1,0,1,0,0,0,0,0,0,3,1
2620,6,2,0,0,0,0,0,0,0,0,0,0,0,0,0,0,0,0,0,0,0,0,0,0,0,0,0,0,0,0,0,0,0
1922,4,1,0,0,0,0,0,0,0,0,0,0,0,0,0,0,0,0,0,0,0,0,0,0,0,0,0,0,0,0,0,0,0
2330,5,2,0,0,0,0,0,0,0,0,0,0,0,0,0,0,0,0,0,0,0,0,0,0,0,0,0,0,0,0,0,0,0
2242,5,2,0,0,5,2,4,4,1,4,0,6,0,0,2,3,1,3,4,6,3,0,0,2,3,3,7,5,4,2,3,3,5
1992,4,1,0,0,0,1,0,0,1,0,0,0,0,0,0,0,0,0,1,0,0,0,0,0,0,1,0,0,0,0,0,2,0
2213,5,2,1,0,2,0,1,1,0,0,1,0,0,0,0,0,0,0,0,0,0,0,0,0,0,0,0,0,0,1,0,0,0
2634,6,2,0,0,0,0,0,0,0,0,0,2,1,1,0,0,4,0,0,1,0,0,0,0,0,0,0,0,0,0,0,0,0
2641,6,2,1,0,0,0,0,0,0,0,0,0,0,0,0,0,0,0,0,0,0,0,0,0,0,0,0,0,0,0,0,0,1
2446,5,2,1,0,2,0,0,1,1,1,1,2,2,0,0,0,0,2,1,0,0,1,0,0,1,2,0,0,0,2,0,1,2
2730,6,2,0,0,0,2,0,0,0,0,0,0,0,0,1,0,0,0,0,0,0,0,0,0,0,0,0,0,0,0,0,0,1
609,1,0,0,0,0,0,0,0,0,0,0,0,0,0,1,0,0,1,0,1,0,2,0,0,0,0,0,0,0,1,0,1,0
1892,4,1,1,0,0,0,0,0,0,0,0,0,0,0,0,0,0,0,0,0,0,0,0,0,0,1,0,0,0,0,0,1,0
2042,5,2,1,0,0,1,1,1,1,0,0,1,1,5,1,1,2,5,2,5,0,1,2,1,1,6,1,2,1,0,0,1,3
97,0,0,1,0,9,11,5,20,5,4,10,16,10,4,12,4,6,5,18,3,2,8,2,13,6,12,9,2,6,3,7,11,9
1394,2,0,0,0,0,0,0,0,0,0,0,0,0,0,0,0,0,0,0,0,0,0,0,0,0,0,0,0,0,29,14,16,20
481,1,0,0,0,3,2,3,0,4,2,2,5,4,2,0,4,7,0,1,0,5,0,0,0,3,1,3,0,0,2,2,0,3
575,1,0,0,0,2,1,3,1,2,0,3,3,2,1,1,2,0,0,2,2,0,1,0,1,0,0,1,1,0,0,0,3,1
1424,2,0,0,0,0,0,0,0,0,0,0,1,2,0,0,0,0,0,0,5,0,2,0,0,0,0,0,0,0,0,1,0,1
2306,5,2,1,0,1,3,1,0,1,0,3,6,3,1,4,0,0,2,6,1,2,0,2,1,1,0,2,1,0,2,2,1,2
2709,6,2,0,0,12,1,4,4,4,6,8,8,6,0,6,6,5,9,6,4,8,1,4,5,3,7,9,3,3,3,5,3,5
1727,3,1,0,0,0,0,0,0,0,0,4,0,0,0,0,0,2,0,0,0,0,0,0,0,0,0,1,0,0,0,1,0,0
166,0,0,1,0,11,10,9,9,9,3,8,15,9,6,10,2,9,9,6,23,12,1,0,9,11,8,3,6,6,7,5,13,13
1689,3,1,0,0,0,0,0,0,0,0,0,0,0,0,0,0,0,0,0,0,0,0,0,0,0,0,0,0,0,0,0,0,0
1633,3,1,1,0,0,2,1,0,1,0,1,2,0,0,0,0,1,0,1,1,0,1,0,0,2,0,2,0,1,1,0,0,0
1787,3,1,0,0,1,1,0,0,0,1,0,0,0,0,0,0,0,0,0,0,0,0,1,0,0,0,0,0,0,0,0,0,0
2624,6,2,0,0,0,0,0,0,0,0,0,0,0,0,0,0,0,0,0,0,0,0,0,0,0,0,0,0,0,0,0,0,0
349,1,0,0,0,0,2,3,3,0,6,6,0,0,2,0,0,2,0,1,0,1,0,7,0,3,0,0,0,4,0,6,1,0
1859,4,1,0,0,2,0,0,0,0,0,0,0,0,1,0,0,1,0,0,1,0,2,0,0,0,1,0,1,0,0,0,1,1
1527,3,1,0,0,0,1,0,1,1,0,1,0,1,0,0,0,1,0,0,0,0,0,0,0,0,0,0,0,0,0,0,0,1
2117,5,2,1,0,1,0,0,2,0,0,3,1,1,0,0,0,0,0,1,1,2,0,0,0,0,1,1,0,0,2,1,0,2
624,2,0,0,0,0,0,4,8,5,3,3,6,0,0,0,1,3,1,8,4,3,3,5,2,1,4,5,3,0,0,5,3,1
2107,5,2,0,0,1,1,1,2,1,2,2,4,3,4,1,2,2,3,2,3,2,3,1,3,9,5,3,0,2,0,2,2,0
1428,2,0,0,0,0,3,2,0,3,3,2,5,2,3,0,0,2,2,3,2,1,0,1,0,1,2,1,0,2,2,2,0,4
1463,3,1,0,0,1,0,1,0,0,0,0,0,0,1,1,1,2,1,0,0,0,0,0,0,0,0,0,0,1,0,0,0,2
1866,4,1,0,0,0,0,0,0,0,0,0,0,0,0,0,0,0,0,0,0,0,0,0,0,0,0,0,0,0,0,0,0,0
2120,5,2,0,0,1,1,0,0,0,0,3,2,1,0,0,1,0,0,0,1,0,0,2,1,2,1,0,1,3,1,0,0,1
2851,6,2,1,0,1,0,0,0,0,0,0,0,0,0,0,1,0,1,2,0,0,0,0,0,0,0,0,0,0,0,0,0,0
2333,5,2,1,0,6,5,2,5,0,2,1,1,7,2,2,3,3,2,6,1,2,4,0,12,5,3,6,2,0,6,3,2,3
1911,4,1,1,0,0,0,0,0,0,0,0,0,1,0,0,0,1,1,5,1,0,2,2,0,0,0,1,0,0,0,1,1,0
2978,6,2,0,0,0,0,0,0,0,0,0,0,0,0,0,0,1,0,0,0,0,0,0,0,0,0,0,0,0,0,0,0,0
419,1,0,0,0,2,1,0,0,3,2,3,0,3,0,0,0,2,0,0,2,2,0,1,0,1,0,1,2,1,1,2,0,0
620,2,0,0,0,0,0,0,0,0,0,0,0,0,0,0,0,0,0,0,0,0,0,0,0,0,0,0,0,0,0,12,0,1
2508,5,2,1,0,4,2,1,3,1,1,3,1,2,3,1,1,0,0,0,2,2,1,0,2,2,5,1,1,1,2,1,0,7
1623,3,1,1,0,0,2,0,0,0,0,0,0,0,1,0,0,0,0,1,0,0,0,0,0,0,0,0,0,1,0,0,0,0
1691,3,1,0,0,0,1,0,0,1,0,0,0,1,1,1,1,2,0,0,0,1,1,1,0,0,1,0,1,0,1,0,2,1
2466,5,2,0,0,2,1,0,3,0,0,7,0,6,0,1,1,2,6,3,3,3,0,1,1,1,6,2,15,0,0,0,4,1
2780,6,2,1,0,4,0,0,0,6,5,7,6,0,0,1,2,3,5,2,1,2,2,3,1,7,2,2,4,0,3,2,3,5
2188,5,2,1,0,16,11,6,5,7,13,11,9,11,14,6,9,13,14,19,11,10,5,10,6,15,21,16,10,4,7,17,9,17
2698,6,2,1,0,0,1,3,0,0,0,2,0,1,0,0,0,1,1,1,0,0,0,1,0,0,1,0,1,1,2,0,0,0
897,2,0,0,0,6,5,1,3,3,3,9,7,2,5,0,1,1,4,5,2,5,2,4,3,4,2,5,3,5,0,0,3,5
680,2,0,0,0,0,1,0,1,1,2,1,2,3,0,3,0,1,3,3,2,1,3,1,3,2,1,3,0,2,0,2,0,2
2760,6,2,0,0,0,0,0,0,0,1,0,0,0,1,0,1,0,0,0,0,0,0,0,0,1,1,1,1,0,1,0,0,1
2987,6,2,0,0,0,0,0,0,0,0,1,1,0,0,0,0,0,0,1,0,0,1,0,1,1,0,0,0,0,0,0,0,0
3035,6,2,1,0,0,0,0,0,0,0,0,0,0,0,0,0,0,0,0,0,0,0,0,0,0,0,0,0,0,0,0,0,0
1752,3,1,0,0,5,2,4,1,2,2,4,4,1,2,2,4,0,0,2,3,0,1,1,0,1,1,2,1,1,1,0,2,2
2679,6,2,0,0,2,1,0,0,0,0,0,0,0,0,0,1,1,0,1,0,0,0,0,0,0,0,0,0,0,0,0,0,0
838,2,0,0,0,15,11,7,4,1,9,9,5,11,5,6,5,8,7,4,15,6,8,8,3,8,3,8,3,4,1,4,8,4
3015,6,2,0,0,2,6,0,0,3,2,2,3,3,3,0,2,2,2,3,5,0,3,0,3,1,1,5,2,4,1,2,1,3
3013,6,2,1,0,0,0,0,0,0,0,0,0,0,0,0,0,0,2,0,0,1,1,0,0,0,0,0,0,2,0,0,0,0
1504,3,1,1,0,0,0,0,0,0,1,0,1,0,0,0,0,1,1,0,0,0,0,1,0,0,0,0,0,0,0,0,0,2
1506,3,1,0,0,0,0,2,0,1,1,0,1,2,0,0,1,0,1,1,3,1,1,0,0,1,2,3,1,0,0,0,0,0
2296,5,2,0,0,2,6,2,0,1,2,2,4,2,2,0,1,1,0,1,0,1,2,1,1,0,1,5,0,1,0,1,5,4
1141,2,0,0,0,0,1,1,2,0,2,0,1,3,1,1,3,3,1,1,2,2,1,1,1,1,1,2,0,0,0,1,1,0
20,0,0,0,0,0,0,0,0,0,0,0,0,0,0,0,0,0,1,0,0,0,0,0,0,1,0,0,0,0,0,0,0,0
38,0,0,0,0,4,1,0,1,0,7,3,2,3,3,9,1,3,1,6,5,0,0,2,0,0,0,0,2,4,7,3,5,4
2248,5,2,1,0,0,0,1,1,0,0,0,0,1,0,0,0,0,0,2,0,2,0,1,0,0,0,1,0,0,1,0,0,0
1494,3,1,1,0,0,1,1,1,0,0,0,0,0,0,0,1,0,0,0,1,0,0,0,0,0,0,2,0,0,0,1,0,0
2511,5,2,0,0,2,1,2,2,3,0,2,1,3,0,1,0,0,0,1,0,0,1,0,0,1,0,0,0,0,0,4,0,0
2389,5,2,1,0,0,0,0,0,0,1,1,0,4,0,2,2,0,0,3,1,2,2,0,0,2,2,2,0,1,3,1,0,1
2224,5,2,0,0,0,1,1,1,0,0,0,0,0,0,0,1,0,0,0,5,0,1,0,0,2,3,1,2,4,0,1,5,1
993,2,0,0,0,0,0,0,0,0,0,0,0,0,0,0,0,0,0,0,0,0,0,0,0,0,0,0,0,0,0,0,0,0
2018,5,2,1,0,1,3,2,3,1,1,4,1,4,2,1,0,0,0,0,3,1,0,2,1,2,3,6,2,2,0,2,3,1
509,1,0,0,0,1,1,1,0,2,0,0,0,0,0,0,0,0,1,1,1,0,1,2,0,0,0,2,0,1,0,1,3,0
262,1,0,0,0,5,3,1,1,3,0,3,2,1,4,0,0,0,0,0,0,0,0,0,0,0,5,2,4,1,0,0,0,0
2248,5,2,0,0,1,1,0,1,0,2,0,6,0,3,0,0,0,1,0,2,0,1,0,2,0,1,0,0,1,4,0,0,0
1824,3,1,0,0,0,0,0,0,0,0,0,0,0,0,0,0,0,0,0,0,0,0,0,0,0,0,0,0,0,0,0,0,0
1270,2,0,0,0,1,0,0,0,3,0,1,1,3,2,0,0,0,0,1,2,1,1,0,2,2,1,0,1,0,1,1,0,1
2612,6,2,0,0,0,0,0,0,0,0,1,0,0,1,0,0,0,0,0,0,0,0,0,0,0,0,0,0,0,0,0,0,1
1585,3,1,1,0,0,1,0,4,1,2,1,4,3,0,0,0,1,1,1,2,1,0,1,0,2,4,4,2,0,1,2,1,0
1011,2,0,0,0,3,0,0,0,0,15,13,8,0,10,9,5,0,12,11,1,0,8,4,16,5,12,1,8,11,4,10,17,11
2788,6,2,0,0,2,1,2,1,0,0,1,0,1,0,3,1,0,0,3,1,3,0,0,0,0,2,0,1,0,1,0,0,0
1847,3,1,0,0,1,0,0,0,1,2,1,0,0,1,0,0,0,0,0,0,0,0,0,0,0,0,0,0,0,0,0,0,0
2600,6,2,1,0,6,2,0,1,3,0,1,1,0,1,0,0,4,0,2,1,2,2,0,2,0,2,2,1,0,0,0,3,5
1546,3,1,0,0,0,0,0,0,0,0,0,0,0,0,0,0,0,0,0,0,0,1,0,0,0,0,0,0,0,0,0,0,1
334,1,0,1,0,1,0,1,0,0,1,0,3,0,0,1,1,0,0,2,0,1,0,0,0,1,0,1,0,0,0,0,2,0
1817,3,1,1,0,1,0,0,0,0,0,0,0,0,1,0,0,1,0,0,0,0,0,0,0,0,0,0,0,0,0,0,0,0
1197,2,0,0,0,1,0,1,1,1,1,0,1,7,2,2,1,0,2,1,2,2,0,0,5,0,2,1,3,2,1,2,0,3
982,2,0,0,0,0,0,0,0,0,0,0,0,0,0,0,0,0,0,0,0,0,0,0,0,5,1,6,5,1,0,0,4,2
1224,2,0,0,0,1,5,1,3,1,1,1,1,2,1,2,0,0,0,0,0,1,2,3,0,1,0,4,1,0,0,2,1,6
760,2,0,0,0,6,16,3,5,10,4,4,6,9,4,3,2,6,6,6,13,2,1,3,2,3,2,20,5,3,5,6,9,7
2672,6,2,0,0,2,0,0,0,2,5,2,2,1,1,0,2,1,2,0,0,0,0,0,3,0,0,4,0,0,0,1,3,3
534,1,0,0,0,0,1,1,0,1,1,3,0,2,3,5,3,2,1,0,2,2,3,0,0,3,2,1,0,0,1,0,0,3
314,1,0,1,0,2,2,0,3,1,2,0,4,0,1,0,0,0,0,0,0,0,2,4,0,0,6,2,0,1,1,0,0,1
2036,5,2,0,0,0,0,1,0,0,0,0,1,0,0,0,0,0,0,0,0,1,0,0,0,0,0,0,0,0,0,0,0,0
2871,6,2,0,0,0,0,0,0,0,0,0,0,0,0,0,0,0,0,0,0,0,0,0,0,0,0,0,0,0,0,0,0,0
335,1,0,1,0,1,0,1,4,0,2,0,0,6,0,0,0,0,2,3,5,0,0,0,0,0,1,7,0,0,1,0,1,1
1975,4,1,0,0,0,0,0,0,1,0,0,0,0,0,0,0,0,0,0,0,0,0,0,0,0,0,0,0,0,0,0,0,1
2158,5,2,0,0,2,1,1,0,0,1,1,2,1,1,0,1,1,1,0,1,1,0,2,0,0,0,1,2,0,1,0,2,0
2798,6,2,1,0,1,1,2,0,0,0,0,0,1,0,0,0,1,1,0,0,0,1,1,1,0,0,0,0,0,0,0,0,0
260,1,0,0,0,0,0,1,0,2,1,1,2,1,1,2,2,0,0,2,2,0,2,0,1,1,2,1,1,2,0,0,2,0
1233,2,0,0,0,1,3,1,0,5,2,6,1,10,7,1,0,0,1,2,3,3,1,1,5,6,0,12,2,1,1,3,3,3
441,1,0,0,0,1,3,0,0,4,1,1,0,3,0,0,1,0,1,0,1,1,1,2,0,0,1,0,0,0,0,0,0,0
1295,2,0,0,0,6,6,4,1,3,3,4,6,8,2,4,4,4,3,5,16,1,5,3,7,5,7,9,5,4,2,4,6,6
642,2,0,0,0,3,0,0,0,1,1,2,0,3,3,3,2,0,0,1,1,1,0,1,0,0,0,1,0,0,1,1,0,1
2300,5,2,1,0,0,0,0,0,0,0,0,0,0,0,0,0,0,0,0,0,1,0,1,0,2,0,0,0,0,0,0,0,0
1614,3,1,0,0,0,0,2,0,0,0,0,0,0,0,0,0,0,0,0,0,0,0,0,0,0,0,0,0,0,0,0,0,0
1278,2,0,0,0,0,0,0,0,2,1,1,3,2,1,0,3,0,6,5,7,0,0,1,0,2,3,1,1,3,0,2,2,1
2061,5,2,1,0,0,0,0,0,0,0,0,0,0,0,0,3,0,3,3,2,0,0,0,1,0,0,0,0,0,0,0,2,1
1517,3,1,0,0,1,0,0,1,1,1,0,2,1,2,2,1,0,1,2,1,1,0,0,1,1,1,0,0,1,0,0,0,0
949,2,0,0,0,0,0,0,0,1,0,2,0,1,0,0,0,1,1,1,0,3,0,1,0,0,0,0,0,1,1,3,1,1
111,0,0,0,0,0,0,0,0,0,0,0,0,0,0,0,0,0,1,1,1,0,0,0,2,0,2,1,2,0,0,1,0,1
5,0,0,0,0,0,1,3,0,2,3,1,1,2,1,2,8,3,2,3,0,0,0,0,2,1,3,1,0,2,1,2,3,2
42,0,0,0,0,0,0,0,0,0,0,0,0,0,0,0,0,0,0,0,0,0,0,0,1,0,2,6,1,4,0,1,3,0
716,2,0,0,0,0,3,0,0,0,2,4,1,3,0,0,0,3,1,3,3,1,2,4,1,5,0,4,1,2,3,2,2,0
3001,6,2,1,0,1,0,0,0,0,0,0,0,2,0,0,0,0,0,2,0,1,0,2,1,0,0,0,0,0,1,0,1,0
1658,3,1,0,0,0,0,0,0,0,0,0,0,2,0,0,0,0,0,0,0,0,0,0,0,0,0,2,1,0,0,0,0,0
1530,3,1,0,0,0,0,0,0,1,0,1,0,0,0,0,1,0,0,0,0,1,0,1,0,0,1,0,0,0,0,0,1,0
997,2,0,0,0,0,0,0,0,0,0,0,0,0,0,0,0,0,0,0,0,0,0,0,0,0,0,0,0,0,0,0,1,1
1770,3,1,1,0,0,1,0,0,0,0,0,0,0,0,0,0,0,0,0,0,0,1,0,0,0,0,0,0,0,0,0,0,2
2803,6,2,1,0,0,1,0,0,1,1,1,1,0,0,0,0,0,0,1,0,0,1,0,0,0,0,0,0,0,0,0,0,1
2834,6,2,0,0,0,0,0,0,0,0,0,0,0,0,0,0,0,0,0,0,0,0,0,0,0,0,0,0,0,0,0,0,1
25,0,0,1,0,9,9,2,0,5,4,3,6,3,5,1,0,3,6,9,4,5,4,2,4,0,1,2,4,7,7,6,5,1
2729,6,2,0,0,0,2,1,1,0,1,5,0,1,0,0,0,0,0,2,1,1,1,0,1,0,1,2,1,0,0,1,0,2
552,1,0,0,0,0,1,2,3,1,1,1,2,2,3,3,1,3,1,2,6,1,6,1,1,2,1,2,5,3,1,3,3,3
1327,2,0,0,0,2,1,3,2,1,1,3,4,2,1,2,3,5,3,5,1,2,1,0,10,3,1,4,5,3,2,6,2,1
2056,5,2,1,0,1,0,0,0,0,1,0,0,0,0,0,0,0,0,1,0,0,0,0,0,0,0,0,0,0,0,0,0,0
2249,5,2,0,0,0,0,0,0,0,0,0,0,0,0,0,0,0,0,0,0,0,0,0,0,0,0,0,0,0,0,0,0,0
2695,6,2,0,0,0,0,0,0,0,0,0,0,0,0,0,0,0,0,2,0,0,0,0,0,1,0,3,5,1,0,0,0,0
2326,5,2,0,0,1,0,3,1,1,2,2,3,0,0,1,1,0,0,1,3,0,0,1,1,0,2,2,2,0,0,1,0,0
2888,6,2,0,0,0,0,0,0,0,0,0,0,0,0,0,0,0,0,0,0,0,0,0,0,0,0,0,0,0,0,0,0,1
1704,3,1,1,0,0,0,0,0,0,0,0,0,0,0,0,0,0,0,0,0,0,0,0,0,0,0,0,0,0,0,0,0,0
947,2,0,0,0,5,2,4,0,0,2,2,4,3,1,2,3,4,4,3,3,2,1,2,2,4,4,3,2,3,1,1,0,4
1962,4,1,1,0,0,0,0,0,0,0,0,0,0,0,0,0,0,0,0,0,0,0,0,0,0,0,0,0,0,0,0,0,0
1068,2,0,0,0,2,0,0,0,0,1,0,2,1,1,1,0,0,0,0,2,0,1,0,0,0,0,1,0,1,0,0,2,0
3039,6,2,1,0,2,3,1,0,0,0,0,0,0,4,1,0,1,3,3,0,0,0,3,3,2,2,5,1,0,0,1,1,5
150,0,0,1,0,3,0,0,1,0,2,6,0,1,1,3,0,2,2,4,0,2,1,0,1,0,2,4,0,0,3,0,0,0
18,0,0,1,0,0,1,1,0,0,1,4,0,1,0,1,2,0,1,0,1,0,1,2,2,1,1,1,1,1,0,0,2,1
1352,2,0,0,0,3,2,0,0,2,0,0,4,2,0,1,1,0,2,2,1,0,0,4,4,6,3,0,3,3,4,0,3,2
1060,2,0,0,0,0,0,0,0,0,0,0,0,0,0,0,0,0,0,0,0,0,0,0,0,0,0,0,0,0,7,1,1,3
1998,4,1,0,0,0,0,0,0,0,0,0,0,0,0,0,0,0,0,0,0,0,0,0,0,0,0,0,0,0,0,0,0,0
1166,2,0,0,0,1,0,1,2,1,1,1,2,0,0,0,1,2,0,0,1,0,0,0,1,0,0,2,2,2,0,0,2,0
1336,2,0,0,0,9,5,2,2,3,4,3,3,7,5,2,3,3,3,6,7,6,1,5,3,4,4,6,2,1,0,2,3,2
1205,2,0,0,0,2,0,0,0,1,2,2,0,4,2,0,2,1,4,2,2,0,0,3,0,1,0,3,0,1,1,1,1,1
1146,2,0,0,0,11,8,2,3,3,5,4,3,3,2,2,11,4,5,4,5,2,1,4,1,1,7,9,3,3,1,9,2,9
144,0,0,0,0,0,1,0,3,2,0,0,0,0,0,0,1,1,0,0,0,1,1,1,1,2,4,1,0,0,0,0,0,0
2161,5,2,0,0,1,1,0,0,0,1,0,1,2,2,1,0,2,1,2,0,2,1,2,1,0,0,1,0,0,0,1,2,0
1656,3,1,0,0,2,1,0,0,0,0,1,0,0,0,0,0,1,0,0,0,1,0,0,0,0,0,0,0,0,0,1,0,0
2527,5,2,1,0,3,5,0,4,0,4,1,4,4,5,4,0,1,2,5,4,0,0,2,2,3,3,1,2,6,4,1,5,6
2345,5,2,1,0,1,3,0,0,1,0,0,1,1,1,0,0,1,0,1,0,1,0,0,1,3,1,2,1,0,1,0,0,0
3025,6,2,0,0,0,0,0,1,0,0,2,0,2,0,1,0,0,0,1,0,0,0,0,1,2,1,0,0,0,1,0,1,1
1735,3,1,1,0,0,0,0,0,0,0,0,0,0,0,0,0,0,0,0,0,0,0,0,0,1,0,0,0,0,0,0,0,0
2358,5,2,1,0,2,1,0,0,0,1,2,0,1,0,0,3,0,0,0,2,0,0,1,0,1,1,1,3,0,1,0,0,1
46,0,0,1,0,1,0,1,0,0,2,2,2,2,2,0,1,1,3,0,2,0,1,0,0,1,3,1,2,1,0,0,3,3
1480,3,1,0,0,1,0,0,1,0,1,1,1,0,0,0,0,0,2,0,0,0,0,0,0,0,0,0,0,1,0,0,1,0
1389,2,0,0,0,0,1,1,0,0,1,1,2,0,0,2,1,1,0,1,0,2,1,0,0,0,2,2,0,0,2,0,3,0
1647,3,1,0,0,0,0,0,1,0,0,1,0,1,0,0,1,0,0,1,0,0,0,0,1,1,0,0,0,0,0,0,0,0
2114,5,2,0,0,1,1,0,0,0,0,1,1,0,0,0,1,1,0,2,1,0,0,2,1,0,0,0,0,1,0,1,1,1
1791,3,1,0,0,1,0,0,0,0,0,0,0,0,0,2,0,0,0,0,0,0,0,0,0,2,0,0,0,1,0,0,0,0
2870,6,2,0,0,0,0,0,0,1,0,0,1,2,0,1,2,0,0,0,0,0,0,0,0,0,1,0,0,0,0,0,0,0
2386,5,2,0,0,1,2,1,1,0,1,1,1,0,0,0,0,0,0,0,4,0,0,0,0,0,0,0,0,0,0,1,1,2
1231,2,0,0,0,0,0,0,0,0,0,0,3,1,0,1,0,2,0,0,0,0,0,0,0,0,1,1,0,0,0,0,0,0
2014,5,2,0,0,1,3,2,0,4,1,0,1,3,1,1,0,1,1,2,2,2,2,1,0,0,0,2,0,2,2,1,0,4
2316,5,2,1,0,1,0,0,1,3,0,1,3,3,1,2,2,2,1,0,3,3,0,1,0,2,3,3,0,0,0,1,1,1
1981,4,1,0,0,1,1,0,0,1,3,1,0,0,2,2,0,2,2,0,0,0,0,0,0,5,0,5,6,1,0,0,6,6
1804,3,1,0,0,0,0,0,0,0,0,0,1,1,0,1,0,0,0,2,1,0,0,0,0,0,0,0,0,0,0,0,0,2
0,0,0,0,0,1,0,2,1,1,0,4,0,0,4,1,3,0,1,0,2,2,0,1,1,0,2,0,4,1,1,0,1,1
1938,4,1,1,0,0,0,0,0,0,0,0,0,0,0,0,0,0,0,0,0,0,0,0,0,0,0,0,0,0,0,0,0,0
2104,5,2,1,0,4,1,1,3,2,1,1,5,7,3,2,3,4,4,8,7,3,2,1,1,0,6,7,3,2,2,1,3,4
2167,5,2,1,0,0,0,0,2,6,1,0,0,1,0,1,1,1,0,1,1,1,1,0,0,1,0,0,1,0,0,1,1,0
1572,3,1,0,0,0,1,0,0,0,0,0,0,0,0,0,0,5,0,0,0,3,0,0,0,0,4,0,0,0,0,0,1,0
2868,6,2,1,0,4,0,0,3,0,3,0,7,5,3,0,2,1,0,0,0,0,0,0,0,0,0,0,0,0,0,0,0,0
2874,6,2,0,0,2,0,0,0,2,0,0,0,0,2,0,1,0,1,1,1,0,0,0,1,0,1,2,1,0,3,0,0,2
1484,3,1,0,0,7,8,3,10,16,31,22,26,54,7,8,4,7,14,11,5,53,5,1,9,15,13,17,25,4,19,10,20,10
2797,6,2,0,0,0,0,0,1,0,0,0,0,2,1,0,0,1,2,0,1,2,0,1,1,0,1,0,0,1,1,0,0,1
2171,5,2,0,0,0,1,2,0,1,0,1,1,2,0,1,1,1,0,1,3,2,0,1,1,0,0,3,0,1,0,1,2,0
2971,6,2,0,0,1,0,0,4,0,0,1,0,2,0,0,2,1,2,2,0,3,1,0,0,0,1,3,2,0,1,1,0,1
392,1,0,0,0,0,0,0,0,0,0,0,0,0,0,0,0,0,0,0,0,0,0,0,0,0,0,0,0,0,0,0,0,0
2183,5,2,1,0,1,1,4,1,2,0,3,2,5,1,1,1,1,2,3,4,1,1,0,0,1,2,2,2,3,0,0,4,5
907,2,0,0,0,27,24,36,78,12,15,15,46,37,37,19,25,10,34,29,50,22,14,15,9,11,18,33,20,15,26,19,13,25
360,1,0,0,0,1,0,0,0,0,0,0,4,2,0,0,0,3,0,0,3,2,2,2,0,3,0,1,0,0,1,3,0,0
2433,5,2,0,0,6,6,4,12,5,2,2,3,6,0,0,0,0,7,6,3,5,11,3,3,7,8,11,3,2,0,2,2,4
1498,3,1,0,0,0,0,0,0,1,0,0,1,1,0,1,0,0,0,0,0,0,0,0,0,0,0,0,0,0,0,0,0,0
2545,6,2,0,0,1,0,0,1,1,0,0,0,0,0,0,0,2,2,0,0,1,0,2,0,1,1,2,0,0,1,0,0,1
793,2,0,0,0,0,4,3,2,3,4,0,4,2,1,5,4,0,1,3,3,3,4,4,5,2,4,5,3,3,1,1,2,2
1532,3,1,0,0,0,2,3,0,1,0,2,1,3,2,0,0,2,0,1,0,2,0,0,0,0,1,0,1,2,0,0,0,0
1915,4,1,0,0,0,0,2,1,0,1,1,0,0,0,0,0,0,0,0,2,0,0,0,0,0,0,2,0,0,0,0,2,0
2747,6,2,1,0,1,0,0,4,0,1,0,1,0,0,0,0,4,1,1,2,0,0,3,0,2,0,0,0,0,1,0,0,0
2500,5,2,1,0,0,0,0,0,1,0,0,2,0,0,0,1,0,1,0,0,0,0,0,0,0,0,0,0,0,0,0,0,0
2095,5,2,1,0,0,0,0,0,1,0,1,0,2,0,0,0,0,1,1,0,0,0,0,0,2,1,2,0,0,1,0,1,0
2538,6,2,0,0,0,0,0,0,0,0,0,0,0,0,0,0,1,0,0,0,0,0,0,0,0,0,0,0,0,2,0,0,0
1134,2,0,0,0,0,0,0,0,0,0,0,0,0,0,0,0,0,0,0,0,0,0,0,0,1,0,0,0,2,0,0,0,0
558,1,0,0,0,5,1,0,0,0,5,4,0,7,0,0,6,1,1,5,1,0,2,0,5,3,2,3,2,1,0,3,1,6
1759,3,1,0,0,1,1,0,0,0,2,0,1,0,0,0,1,0,0,0,0,0,0,0,0,0,0,0,2,0,0,0,0,0
2642,6,2,1,0,4,1,2,2,0,0,0,3,2,0,0,0,0,3,1,4,0,0,2,1,0,3,0,2,2,1,2,1,0
1530,3,1,1,0,1,0,0,0,0,2,0,1,1,0,0,0,0,0,2,0,1,0,0,0,0,1,2,1,0,0,0,0,0
1925,4,1,1,0,2,0,0,0,1,0,0,1,0,0,0,0,1,0,1,0,0,0,2,0,0,0,0,0,0,1,0,0,0
264,1,0,1,0,0,2,0,1,0,0,0,0,1,0,2,1,0,0,0,0,1,0,3,0,0,0,0,1,0,0,1,1,0
1312,2,0,0,0,0,2,1,0,0,0,1,1,0,3,0,0,1,1,1,1,2,0,0,1,0,2,1,1,0,0,2,1,4
2586,6,2,0,0,0,0,0,0,0,0,0,0,0,0,0,0,0,0,0,0,0,0,0,0,0,0,0,0,0,0,0,0,0
2005,5,2,1,0,3,2,7,2,6,2,0,2,3,6,0,1,2,2,8,4,1,1,2,0,8,2,7,6,3,0,1,1,6
1728,3,1,0,0,3,2,0,2,2,3,0,4,0,5,1,1,0,0,2,0,1,0,3,1,0,1,2,1,2,0,0,0,2
2137,5,2,1,0,1,5,1,1,3,1,0,5,2,0,1,1,1,3,1,0,1,3,0,0,1,0,3,4,2,0,1,1,5
1974,4,1,1,0,0,0,0,0,0,0,0,0,0,0,0,0,0,0,0,0,0,0,0,0,0,0,0,1,1,0,0,1,0
1970,4,1,0,0,0,0,0,0,0,0,0,0,0,0,0,0,0,0,0,0,0,0,0,0,0,0,0,0,0,0,0,0,0
1995,4,1,1,0,0,0,0,0,0,2,3,0,0,0,0,0,0,0,0,0,0,0,7,0,0,0,0,0,0,0,0,0,0
1036,2,0,0,0,1,0,2,2,1,1,1,2,5,4,4,1,2,6,1,4,1,0,3,0,2,2,1,1,2,0,1,3,1
149,0,0,1,0,0,0,1,0,1,0,0,0,1,0,1,0,0,0,2,1,1,0,1,0,2,0,2,0,0,0,0,2,5
371,1,0,0,0,0,0,0,0,0,0,0,0,0,0,0,0,2,0,2,1,0,1,0,0,0,0,2,3,0,1,0,2,0
1320,2,0,0,0,0,0,6,2,0,0,1,0,1,5,1,0,0,0,0,0,0,0,0,0,0,0,0,0,1,0,1,1,2
2973,6,2,0,0,0,0,0,0,0,0,0,0,0,0,0,0,2,0,0,0,0,0,0,0,0,0,0,0,1,1,0,0,0
2922,6,2,1,0,0,1,0,0,0,0,0,0,0,0,1,0,1,0,1,0,0,0,0,0,0,0,0,0,2,1,0,0,0
2560,6,2,1,0,0,0,0,0,0,0,0,0,0,0,0,0,0,0,0,0,0,0,0,0,0,0,0,0,0,0,0,0,0
1748,3,1,1,0,1,1,0,0,2,1,0,2,3,3,3,0,0,0,2,1,1,2,0,0,0,1,0,0,1,1,2,1,1
2053,5,2,1,0,0,1,0,0,1,1,0,0,0,1,0,1,1,1,0,0,0,0,0,0,0,0,0,0,1,0,0,1,1
2393,5,2,1,0,0,0,0,0,0,0,0,0,1,0,0,0,3,0,2,0,0,0,0,0,0,0,1,1,1,0,0,0,0
2014,5,2,1,0,2,0,2,0,1,0,0,2,5,1,0,2,2,1,2,0,0,0,2,0,0,1,1,2,2,2,1,0,2
2023,5,2,0,0,0,0,0,0,0,0,0,5,0,0,0,0,0,0,0,0,0,0,0,0,0,0,0,0,0,1,0,0,0
1644,3,1,1,0,0,1,0,0,0,0,0,1,0,0,0,0,0,1,0,0,0,0,0,0,0,3,1,0,0,0,0,0,0
686,2,0,0,0,1,4,3,0,2,2,2,3,3,2,0,0,0,1,2,7,2,1,1,1,2,1,4,2,1,1,1,5,1
2376,5,2,1,0,3,0,1,2,0,1,2,2,3,0,2,0,0,0,1,2,3,0,0,1,2,2,1,0,2,0,0,2,0
2021,5,2,0,0,1,0,0,1,1,1,3,2,1,0,0,0,0,1,1,1,3,2,3,0,0,2,0,0,2,0,0,0,1
811,2,0,0,0,0,4,1,2,1,0,0,0,3,1,0,1,1,3,5,0,2,0,1,0,0,1,0,0,0,0,0,0,0
2828,6,2,0,0,0,0,0,0,0,0,0,0,0,0,0,0,0,0,0,0,0,0,0,0,0,0,0,0,0,0,0,0,0
2913,6,2,1,0,0,0,1,0,0,0,0,0,0,1,0,0,0,0,0,0,0,0,0,0,0,0,0,1,0,0,0,0,1
259,1,0,1,0,1,0,0,2,0,1,0,2,0,0,0,0,0,3,2,0,2,0,0,1,1,3,2,1,0,1,0,0,3
139,0,0,1,0,2,1,10,3,4,1,3,7,4,2,0,1,5,3,5,9,3,7,6,4,4,5,5,2,4,3,1,6,2
1628,3,1,1,0,2,2,0,6,0,0,2,3,3,0,1,4,0,5,1,2,2,0,5,0,4,4,2,2,0,2,2,0,2
2669,6,2,1,0,0,2,0,0,0,1,0,1,0,2,0,1,0,0,2,0,0,1,0,0,0,0,0,2,0,0,0,0,2
1726,3,1,1,0,0,0,1,0,1,1,0,0,1,0,0,4,0,0,2,3,0,0,2,0,0,0,1,0,1,1,0,0,0
1608,3,1,1,0,0,0,0,1,0,0,0,0,0,0,0,0,0,1,0,0,0,0,0,1,0,0,0,0,1,1,0,0,0
499,1,0,0,0,0,1,0,1,0,0,0,0,0,0,0,0,0,0,4,1,0,0,0,0,1,0,0,6,0,0,0,1,3
2611,6,2,0,0,0,0,0,0,0,0,0,1,0,1,0,0,2,0,0,1,0,0,0,1,0,1,1,1,0,1,0,1,0
201,0,0,1,0,7,6,3,4,2,0,2,3,1,1,1,2,6,0,7,14,6,8,9,1,6,6,13,0,0,0,2,3,3
2199,5,2,1,0,2,3,0,0,0,1,1,2,3,0,0,1,1,1,3,2,1,1,1,2,2,4,4,1,0,1,2,1,2
255,1,0,0,0,0,0,0,0,0,0,0,0,0,0,0,0,0,0,0,0,0,0,0,0,0,0,0,0,0,0,0,0,0
1002,2,0,0,0,2,3,2,0,2,2,1,0,1,1,3,0,3,0,1,2,3,0,1,2,0,4,0,3,1,0,0,1,1
2254,5,2,1,0,0,0,0,1,1,0,0,0,1,0,0,1,0,0,0,0,0,0,0,0,1,0,0,0,0,0,0,0,0
224,1,0,1,0,1,0,0,0,2,0,0,0,3,0,0,1,0,0,0,0,0,2,0,1,2,0,2,0,0,1,0,0,0
2166,5,2,1,0,3,8,1,4,2,0,0,2,3,4,1,2,2,2,0,4,1,0,2,2,0,2,2,2,1,1,1,1,2
2234,5,2,1,0,0,0,1,2,0,0,1,0,0,1,0,0,7,1,0,3,0,0,1,0,0,0,2,1,1,0,2,0,6
804,2,0,0,0,0,0,3,0,3,5,3,5,4,6,1,0,0,2,10,0,0,0,0,4,1,4,2,0,0,4,1,3,2
1507,3,1,0,0,1,0,0,0,0,0,1,1,1,2,2,0,1,0,0,1,0,1,0,0,0,0,0,0,0,1,0,0,1
219,1,0,1,0,1,2,0,0,0,1,1,1,1,0,3,1,1,1,0,2,1,0,1,0,1,1,1,0,0,2,0,0,0
2563,6,2,0,0,0,0,0,0,1,0,0,0,1,0,0,0,0,0,0,0,0,0,0,2,1,0,0,0,0,0,0,1,1
2412,5,2,1,0,0,0,0,1,0,0,0,0,3,0,0,0,1,0,0,2,1,0,0,0,0,0,0,0,0,0,1,1,1
1638,3,1,1,0,0,1,1,0,1,0,1,4,0,0,0,0,1,1,0,3,0,1,1,2,0,0,3,0,1,0,0,0,1
2289,5,2,1,0,10,6,4,9,5,3,9,7,6,6,6,8,3,2,6,10,8,2,6,2,2,5,7,12,4,3,0,3,8
2532,5,2,0,0,7,3,1,3,3,2,5,2,0,0,1,7,1,4,4,4,1,1,2,2,2,1,1,5,2,2,3,1,4
2933,6,2,1,0,0,4,2,0,2,3,0,2,2,1,0,1,3,0,3,0,3,5,2,0,0,2,1,2,0,0,1,0,0
2649,6,2,0,0,0,0,0,0,1,0,0,0,0,0,0,0,0,1,2,0,1,3,0,0,0,0,0,0,0,0,0,0,0
2309,5,2,1,0,0,1,0,0,0,0,1,0,0,0,0,0,0,0,1,2,0,1,0,0,0,0,0,0,0,0,1,0,0
2862,6,2,0,0,0,2,0,0,0,0,0,1,0,0,0,0,1,0,0,0,0,2,0,2,3,0,1,0,0,0,0,0,0
1454,3,1,1,0,1,0,0,0,0,0,0,0,1,0,0,0,0,0,0,1,1,0,1,1,2,0,0,0,0,0,0,1,1
2907,6,2,1,0,2,1,0,2,3,1,1,2,2,0,1,0,2,4,3,1,0,0,2,4,3,4,3,1,2,4,0,0,4
488,1,0,0,0,2,2,0,0,0,0,1,1,5,4,0,0,0,0,1,3,2,1,2,1,1,1,1,1,0,1,0,0,2
2244,5,2,0,0,0,1,2,1,0,0,3,1,0,0,1,0,0,0,2,2,0,0,0,0,2,4,0,0,0,0,1,0,2
82,0,0,1,0,0,0,0,0,0,0,0,1,0,0,0,0,0,0,0,10,0,0,0,0,0,0,0,0,0,0,0,0,0
2138,5,2,1,0,2,6,1,0,1,0,1,1,1,1,0,7,0,1,2,0,2,2,0,0,0,7,2,2,0,0,1,3,5
2799,6,2,0,0,0,1,1,1,1,1,1,0,1,2,1,0,2,0,1,0,0,2,0,2,2,0,0,0,1,1,0,0,2
705,2,0,0,0,2,0,3,0,1,2,1,3,2,5,1,1,2,1,0,2,2,0,3,2,1,1,1,1,4,0,0,1,2
2969,6,2,1,0,0,1,0,2,1,0,1,4,3,0,1,3,0,0,1,4,2,1,0,1,4,3,3,0,0,3,1,1,1
80,0,0,1,0,20,16,4,6,3,2,7,8,10,5,3,11,7,4,16,14,5,8,3,3,6,9,13,16,5,13,5,9,18
2462,5,2,0,0,0,0,0,0,0,0,0,0,0,0,0,0,0,0,0,0,0,0,0,0,0,0,0,0,0,0,0,0,0
1497,3,1,1,0,0,0,0,0,0,0,0,0,0,0,0,0,0,0,0,0,0,0,0,0,0,0,0,0,2,0,0,0,0
498,1,0,0,0,0,0,0,0,0,0,0,2,0,0,0,0,3,0,0,0,0,1,0,0,0,0,0,0,0,1,0,0,1
2478,5,2,0,0,0,0,0,3,0,0,0,0,0,0,1,1,0,0,0,0,1,0,1,0,0,0,0,2,0,0,0,0,0
264,1,0,0,0,0,1,0,6,0,1,0,1,2,1,1,0,0,1,1,1,1,0,0,3,0,0,0,0,0,0,0,0,1
2318,5,2,0,0,1,0,1,0,0,1,0,0,0,0,0,0,0,0,0,0,0,0,0,0,0,0,0,0,2,0,1,0,1
2687,6,2,1,0,1,0,2,0,2,0,2,0,1,0,2,0,0,0,1,2,0,0,0,0,1,0,1,1,0,0,0,0,0
2629,6,2,0,0,0,0,0,0,0,0,0,0,0,0,0,0,0,0,0,0,0,0,0,0,0,0,0,0,0,1,0,1,3
2975,6,2,1,0,1,1,0,3,0,2,0,0,4,0,0,0,2,0,0,2,0,1,1,1,1,0,2,0,2,0,0,0,1
2898,6,2,1,0,1,5,1,0,0,1,1,2,3,0,0,0,2,1,3,0,1,0,0,0,2,2,2,2,5,0,0,2,1
2058,5,2,1,0,1,1,0,0,0,3,1,0,0,2,1,1,4,3,0,1,0,1,3,1,1,2,0,0,1,1,0,1,1
2061,5,2,0,0,2,1,3,2,2,0,2,1,1,0,2,1,1,2,1,3,2,2,0,0,1,0,4,0,1,2,2,0,1
1184,2,0,0,0,8,6,2,0,3,6,7,3,5,9,3,5,1,5,8,7,3,5,8,8,10,11,6,3,6,7,6,4,6
2679,6,2,1,0,0,0,0,0,0,0,0,0,0,0,0,0,1,0,2,2,3,0,0,1,0,1,0,1,2,1,1,1,0
307,1,0,1,0,4,5,0,0,0,2,0,4,1,6,2,0,0,1,0,0,0,0,0,0,0,0,0,0,0,0,3,0,4
1670,3,1,0,0,2,4,5,5,6,2,7,2,8,2,4,3,2,5,3,4,7,6,9,2,2,6,3,4,0,2,4,1,1
2954,6,2,1,0,2,0,0,0,0,0,0,0,0,0,1,0,0,0,0,2,0,0,0,0,0,0,0,0,0,0,0,0,0
50,0,0,0,0,3,0,1,1,3,3,1,2,4,0,2,5,2,4,0,4,1,2,1,1,3,3,0,0,1,5,2,3,3
1852,3,1,0,0,0,0,0,2,0,0,2,0,1,3,0,3,0,2,0,2,0,1,0,2,1,6,0,0,0,0,3,0,2
2634,6,2,1,0,2,1,0,0,0,0,0,0,0,0,0,0,0,0,0,0,0,0,0,0,0,0,0,0,0,0,0,0,0
561,1,0,0,0,11,5,1,11,10,7,8,15,17,11,6,14,3,8,16,15,2,14,10,10,8,5,11,12,1,11,4,23,11
2893,6,2,0,0,0,1,0,0,0,0,0,0,1,0,1,0,0,0,0,0,0,0,0,0,0,0,2,0,0,0,0,1,0
2183,5,2,0,0,2,2,2,3,2,3,2,2,4,4,2,2,1,0,6,6,5,1,4,1,3,3,0,2,1,5,0,4,0
1454,3,1,0,0,0,0,0,0,0,0,0,0,0,0,0,0,0,0,0,0,0,0,0,0,0,0,0,0,0,0,0,0,0
2637,6,2,0,0,0,0,1,0,0,1,0,0,0,0,0,0,0,0,0,1,1,0,0,0,0,0,0,0,0,0,0,0,0
87,0,0,0,0,2,0,0,1,0,0,0,0,0,0,0,1,0,0,0,0,2,1,1,1,2,1,0,0,0,0,0,0,3
1641,3,1,1,0,0,2,1,5,0,1,11,1,4,4,0,1,4,0,10,2,0,4,0,1,4,1,5,0,1,0,5,0,3
2033,5,2,0,0,1,4,1,1,2,3,0,0,0,0,0,0,0,0,0,0,0,0,0,0,0,0,2,2,1,2,1,2,4
1614,3,1,1,0,0,0,0,0,0,0,0,0,0,0,0,0,1,0,0,0,0,0,0,0,0,0,0,0,0,0,0,0,0
2793,6,2,1,0,0,0,0,0,0,0,0,1,1,0,1,1,1,2,3,1,3,0,0,0,0,1,0,1,0,2,0,0,0
58,0,0,1,0,0,1,0,1,1,1,0,0,0,0,0,1,3,0,0,0,0,0,0,0,0,2,0,0,0,0,0,0,1
2942,6,2,0,0,4,1,0,1,0,0,0,0,0,0,1,0,0,0,0,0,0,0,0,0,0,0,0,0,1,1,0,1,1
2849,6,2,0,0,0,0,0,0,0,0,0,0,0,0,0,0,0,0,0,0,0,0,0,0,0,0,0,0,0,0,0,1,1
353,1,0,0,0,4,3,2,0,4,3,1,3,4,4,2,3,1,1,3,5,2,1,8,2,3,5,2,1,1,1,0,0,3
1808,3,1,0,0,0,0,0,0,0,0,2,2,3,1,1,6,0,1,0,8,0,0,0,3,1,2,0,2,0,2,5,0,0
2777,6,2,0,0,0,0,0,0,0,0,0,0,0,0,0,0,0,0,0,0,0,0,0,0,0,0,0,0,0,0,0,0,0
2035,5,2,0,0,1,2,2,0,1,0,0,2,4,2,0,0,1,0,2,6,1,1,0,1,2,1,2,0,2,1,0,1,0
1675,3,1,0,0,0,0,0,0,0,0,0,0,0,0,0,0,0,0,0,0,0,0,0,0,0,0,0,0,0,0,0,0,1
1788,3,1,1,0,0,0,0,0,0,0,0,0,0,0,0,0,0,0,0,0,0,0,0,0,0,0,0,0,0,0,0,0,0
455,1,0,0,0,7,4,3,4,1,3,6,14,10,5,5,7,3,9,7,10,8,8,5,5,1,5,10,7,6,4,4,5,9
2247,5,2,0,0,4,0,1,1,1,2,0,1,1,1,1,1,4,1,2,1,1,1,1,2,1,1,1,0,3,0,0,1,0
2531,5,2,0,0,2,1,4,2,0,1,3,4,2,1,2,5,3,4,8,1,0,6,0,1,3,4,3,7,0,1,4,4,3
2712,6,2,1,0,0,0,0,0,0,0,0,0,0,0,0,0,0,0,0,0,0,0,0,1,0,0,0,0,0,0,0,0,0
99,0,0,1,0,3,0,1,4,1,0,0,1,5,4,0,0,0,0,3,0,1,0,0,2,1,0,1,1,0,1,0,2,1
2064,5,2,1,0,1,1,3,1,0,0,1,2,0,3,1,2,1,2,2,1,1,1,0,3,1,0,1,4,4,0,0,2,3
1852,3,1,1,0,0,0,0,0,0,0,0,1,2,0,0,0,3,0,2,0,1,2,0,0,1,4,5,3,0,0,0,0,0
1491,3,1,1,0,0,0,4,1,4,1,0,0,0,0,2,1,0,1,0,0,1,1,3,0,0,0,0,1,0,0,0,1,2
1137,2,0,0,0,0,4,5,4,3,6,6,12,6,2,2,5,5,4,6,7,7,6,3,11,3,1,10,9,1,1,0,0,5
683,2,0,0,0,1,0,3,9,3,4,4,10,3,3,4,4,6,4,3,0,3,2,2,1,3,6,5,6,3,3,1,1,2
2580,6,2,1,0,1,0,0,0,0,0,0,0,0,1,0,0,0,0,0,0,1,1,0,1,0,0,1,0,0,0,0,0,0
2096,5,2,1,0,0,1,0,1,1,0,1,1,0,0,0,0,0,0,0,0,0,0,0,1,2,2,0,0,0,0,0,0,0
1406,2,0,0,0,4,2,1,0,2,2,1,3,1,3,1,3,0,0,7,2,1,1,0,0,0,5,1,2,2,0,2,4,2
2640,6,2,1,0,1,0,0,0,0,0,0,1,0,0,0,0,0,0,0,0,0,0,0,0,0,0,0,0,0,0,0,1,0
2240,5,2,0,0,3,0,1,1,3,0,1,2,1,2,1,0,0,0,0,1,1,0,0,1,1,2,0,1,0,0,1,1,1
2578,6,2,1,0,0,0,0,1,0,1,0,0,0,0,0,1,0,0,0,0,0,0,0,0,0,0,0,0,2,0,0,0,0
2093,5,2,1,0,3,4,2,1,3,1,1,2,2,3,2,0,0,0,3,2,1,1,2,1,4,3,2,1,1,1,2,2,4
2188,5,2,0,0,15,12,15,7,7,5,14,20,11,17,7,2,6,17,20,23,7,2,0,8,17,21,13,7,5,9,7,4,5
3032,6,2,1,0,2,1,0,1,3,0,1,2,0,1,0,0,0,2,2,0,0,0,0,0,0,1,0,0,2,0,0,0,2
919,2,0,0,0,11,11,6,3,4,2,3,5,4,3,2,4,4,10,8,8,5,3,4,5,12,7,8,2,5,4,1,4,5
2058,5,2,0,0,1,0,6,1,2,0,3,1,4,1,0,1,2,1,2,3,3,1,1,0,2,2,2,1,4,0,1,5,2
685,2,0,0,0,0,0,0,0,0,0,0,0,0,0,0,0,0,0,0,0,0,0,0,0,0,0,0,0,0,0,0,0,0
2216,5,2,1,0,1,0,0,0,0,1,0,1,0,0,1,0,1,1,0,2,0,0,0,1,0,0,0,0,2,0,0,0,1
2003,5,2,0,0,0,0,0,0,0,0,0,0,0,0,0,0,0,0,0,0,0,0,0,0,0,0,0,0,0,1,0,0,0
2572,6,2,0,0,0,0,0,0,0,0,1,0,0,0,2,0,0,0,1,0,0,0,0,0,1,0,1,0,0,3,0,1,0
2641,6,2,0,0,0,0,0,0,0,0,0,0,0,0,0,0,0,0,0,0,0,0,0,0,0,0,0,0,0,0,0,0,0
2484,5,2,0,0,0,0,0,0,2,0,0,0,0,0,0,0,1,2,0,0,0,1,0,0,1,0,1,0,0,0,0,0,1
1488,3,1,0,0,0,0,0,0,1,0,0,0,0,0,1,0,0,1,0,1,0,0,0,0,0,0,1,0,0,0,1,0,0
2039,5,2,1,0,0,2,6,1,2,2,0,1,2,3,4,4,0,3,4,2,4,0,2,3,5,2,4,3,1,0,1,2,2
2481,5,2,0,0,0,0,0,1,2,0,4,0,0,0,0,2,3,1,0,0,0,0,0,3,2,1,0,0,2,1,3,1,0
569,1,0,0,0,1,1,0,0,0,0,4,0,0,0,0,1,0,2,0,0,2,1,0,1,2,0,4,0,3,1,1,2,1
1076,2,0,0,0,0,0,0,0,0,0,0,0,0,0,0,0,0,0,0,0,0,0,0,0,0,0,0,0,2,0,2,0,2
1971,4,1,0,0,0,0,0,0,0,0,0,0,0,0,0,0,0,0,0,0,0,0,0,0,0,0,0,0,0,0,0,0,0
1572,3,1,1,0,2,0,0,0,2,2,0,0,2,3,0,0,0,0,1,0,0,0,1,0,3,0,0,0,0,0,0,0,0
2245,5,2,1,0,4,5,2,4,2,0,6,4,6,2,4,0,4,2,9,3,0,0,2,0,4,2,4,0,1,1,1,3,5
1880,4,1,0,0,0,0,0,0,0,0,0,3,0,0,0,0,0,0,0,0,0,0,0,0,0,0,0,0,1,0,0,0,0
1992,4,1,1,0,0,1,0,0,0,0,0,0,0,0,1,0,0,0,0,1,0,0,0,0,0,0,0,0,1,0,0,0,0
1632,3,1,0,0,0,0,0,2,0,1,2,0,2,2,3,1,0,0,0,0,0,0,0,0,0,0,0,0,0,0,4,0,4
2552,6,2,0,0,0,1,0,0,0,0,0,0,0,0,0,0,0,0,0,0,0,0,0,2,0,0,0,0,0,0,0,0,0
2202,5,2,0,0,0,0,0,0,1,1,0,0,2,0,0,0,1,0,0,0,0,0,0,0,0,0,0,0,0,1,1,1,1
333,1,0,0,0,0,0,3,1,1,3,4,3,2,1,2,0,6,4,2,0,2,4,2,2,3,5,6,0,0,2,1,3,1
1635,3,1,1,0,0,1,0,0,0,0,0,1,0,0,0,0,0,0,0,1,0,1,0,0,0,0,0,0,0,0,0,0,0
1390,2,0,0,0,0,0,0,0,1,0,0,1,1,0,0,2,2,0,1,1,0,0,0,1,0,0,1,1,0,0,0,1,3
2869,6,2,0,0,0,0,0,1,0,0,0,0,0,0,0,0,0,1,0,0,0,0,0,0,0,1,0,0,1,0,1,0,0
2588,6,2,1,0,2,0,1,0,0,0,0,0,0,1,0,1,1,0,0,0,0,3,0,0,0,0,0,0,0,0,0,0,2
1483,3,1,1,0,0,0,0,0,0,2,1,1,7,0,1,0,1,0,0,1,0,2,0,0,0,0,1,0,5,0,0,2,0
1310,2,0,0,0,0,1,1,0,2,0,0,1,3,0,0,0,0,0,2,0,0,0,0,1,2,0,1,2,0,1,0,0,1
2081,5,2,0,0,1,2,4,0,0,1,2,3,0,0,0,0,0,0,0,1,1,0,0,0,1,1,0,1,2,2,5,1,0
2486,5,2,0,0,4,3,4,4,2,2,3,4,6,7,5,3,3,3,8,6,4,2,1,1,4,7,5,4,3,2,1,2,2
2133,5,2,1,0,0,0,0,4,0,2,0,0,0,0,0,0,0,0,0,0,0,0,0,0,0,0,2,0,0,0,4,2,2
2481,5,2,1,0,3,3,2,0,4,1,1,0,1,1,0,1,1,1,1,2,1,2,2,0,2,1,3,0,0,1,0,0,3
2791,6,2,1,0,0,0,1,0,0,0,2,1,0,0,2,0,0,1,1,2,2,0,1,2,1,2,1,1,0,0,1,1,0
1557,3,1,0,0,0,1,0,1,0,0,3,0,2,0,0,0,0,0,1,0,0,0,2,1,0,3,0,0,1,0,0,0,0
440,1,0,0,0,0,0,1,0,0,0,1,1,1,0,0,1,0,1,0,0,0,0,0,0,1,0,0,0,1,0,0,0,0
2646,6,2,1,0,2,2,0,0,2,0,0,4,0,3,3,2,1,1,0,0,0,0,2,1,0,3,1,0,0,0,0,0,0
227,1,0,1,0,0,1,1,0,1,1,0,1,2,4,1,0,0,0,0,0,0,0,0,0,0,0,0,2,0,0,0,0,0
2722,6,2,1,0,0,1,0,0,0,0,0,3,1,0,0,0,0,0,0,0,0,0,0,0,0,0,0,0,0,0,0,0,1
30,0,0,1,0,8,12,2,1,3,3,8,16,5,0,0,1,3,3,4,5,6,7,7,1,2,8,3,3,9,5,0,4,13
1571,3,1,0,0,3,0,0,0,1,2,1,2,0,1,1,0,1,0,1,2,0,1,1,0,1,0,1,0,1,0,0,4,2
848,2,0,0,0,0,1,2,1,2,1,1,0,1,2,8,1,3,0,0,4,5,7,2,0,1,3,2,3,1,2,3,0,4
342,1,0,0,0,3,2,5,9,2,8,16,8,10,21,21,3,0,19,17,6,4,2,2,9,7,7,8,0,5,0,4,6,2
851,2,0,0,0,1,0,0,0,2,1,1,1,0,0,0,1,0,1,1,1,0,0,0,2,1,0,0,0,1,1,0,5,2
1621,3,1,0,0,0,0,0,0,0,0,0,0,0,0,0,0,0,0,0,0,0,0,1,0,0,1,0,0,0,0,0,1,0
2829,6,2,0,0,0,0,0,0,0,0,0,0,0,0,0,0,0,0,0,0,0,0,0,1,0,0,0,0,0,2,0,0,0
664,2,0,0,0,4,0,1,0,2,1,1,0,7,1,1,2,1,2,3,1,3,0,2,0,0,2,1,0,0,1,1,2,1
1948,4,1,0,0,0,0,0,0,2,0,0,2,1,0,0,0,0,0,0,0,0,0,1,2,0,0,0,0,0,0,0,0,0
68,0,0,1,0,7,0,0,1,1,0,0,0,1,0,2,0,1,1,1,2,2,1,0,3,1,2,0,0,1,1,3,2,2
2442,5,2,1,0,0,4,2,0,1,1,2,2,2,1,0,1,1,1,3,4,3,0,0,1,0,1,2,1,4,1,0,1,2
1525,3,1,1,0,0,0,0,0,0,0,0,0,0,0,1,0,0,3,0,0,3,0,0,1,0,0,5,3,0,0,0,0,0
1057,2,0,0,0,3,0,0,0,0,0,5,0,1,1,0,2,4,1,5,2,1,1,0,0,0,0,0,0,1,0,0,1,0
112,0,0,1,0,0,3,0,2,2,1,0,3,1,1,2,1,2,0,0,2,1,0,1,1,3,1,1,4,0,1,0,0,1
200,0,0,1,0,2,2,0,2,2,0,3,1,2,1,0,0,1,1,0,0,1,1,7,3,3,0,0,0,1,1,0,2,0
505,1,0,0,0,2,0,2,0,1,0,0,3,1,0,3,0,1,2,3,4,1,1,1,1,0,1,0,2,0,2,3,0,1
1688,3,1,0,0,0,0,1,0,0,1,0,2,0,0,0,1,0,0,1,1,0,0,0,0,0,0,0,0,0,0,0,2,0
1914,4,1,1,0,1,1,0,0,0,0,0,2,0,0,0,0,0,0,0,0,0,0,0,0,0,0,0,0,0,1,0,0,0
1947,4,1,1,0,0,0,0,0,0,0,0,0,0,1,0,0,0,0,0,0,3,0,0,0,0,0,1,0,0,0,1,1,0
2399,5,2,1,0,2,4,3,3,0,3,1,4,1,0,0,1,0,0,2,1,1,1,1,1,1,0,2,2,1,2,2,1,2
2944,6,2,0,0,0,0,0,0,0,0,0,0,0,0,0,0,0,0,0,0,0,0,0,0,0,0,0,0,0,0,1,0,0
1559,3,1,0,0,0,0,0,0,0,0,0,0,0,0,0,0,0,5,2,1,0,0,0,0,0,0,0,0,2,0,0,2,6
2647,6,2,1,0,2,3,1,0,0,1,0,3,1,0,0,0,0,1,1,0,0,0,0,0,0,0,2,1,0,0,0,0,0
1721,3,1,1,0,2,0,0,0,0,0,1,0,1,0,0,0,0,0,1,0,0,0,0,1,0,0,0,0,0,0,0,0,0
259,1,0,0,0,1,0,0,0,1,1,3,2,4,0,0,4,0,1,0,1,1,0,0,3,2,1,6,0,1,3,0,0,0
2080,5,2,1,0,1,0,0,2,1,0,1,0,1,1,0,0,1,0,0,1,0,1,1,0,0,0,0,2,0,1,0,0,0
2004,5,2,0,0,2,2,1,0,2,0,0,0,2,1,0,1,0,1,0,1,0,1,2,3,0,0,1,2,1,0,0,0,1
2808,6,2,0,0,1,0,0,0,0,1,2,0,1,0,0,0,0,2,2,0,0,0,0,0,0,0,0,0,0,0,0,0,0
1573,3,1,1,0,0,3,2,2,2,1,0,2,1,1,0,1,1,3,2,2,0,1,0,0,1,1,0,0,0,1,2,1,1
2343,5,2,1,0,2,1,0,0,0,4,4,8,12,9,4,5,5,5,2,2,0,0,1,1,1,6,3,0,0,0,0,0,0
2493,5,2,0,0,0,0,0,0,0,0,0,1,0,0,1,0,0,0,0,0,0,0,1,0,1,1,0,0,0,0,0,0,2
2293,5,2,0,0,0,3,2,1,0,0,2,4,4,0,2,0,0,5,2,1,0,2,1,2,2,1,1,3,0,3,4,1,3
2226,5,2,1,0,0,0,0,0,0,0,0,0,0,0,0,0,0,0,0,0,0,1,2,0,1,0,0,1,0,0,2,1,1
1248,2,0,0,0,3,0,7,4,3,3,9,11,12,15,5,8,0,8,3,1,0,5,1,10,5,9,0,8,4,10,4,6,5
108,0,0,1,0,0,1,0,1,1,1,2,0,2,0,0,0,4,2,0,0,1,1,1,0,3,0,2,2,0,0,0,2,0
2213,5,2,0,0,0,0,1,0,0,0,0,0,1,0,0,1,0,0,0,1,0,0,0,0,0,0,1,0,0,0,1,1,0
2157,5,2,0,0,2,2,2,0,0,1,3,1,3,1,1,0,3,0,2,2,1,1,2,0,1,5,3,1,0,1,0,4,0
1098,2,0,0,0,0,0,1,1,0,1,0,2,1,0,0,2,1,0,2,4,1,0,0,1,1,1,2,1,0,0,1,0,0
1042,2,0,0,0,0,1,0,0,1,0,0,0,0,0,0,0,0,0,0,0,0,0,0,0,0,0,1,0,9,0,1,0,0
216,1,0,1,0,5,6,0,1,1,1,1,4,2,2,2,1,3,1,1,4,1,2,0,3,4,2,0,0,1,0,3,2,4
2039,5,2,0,0,0,1,4,0,0,2,5,2,7,2,3,2,0,2,10,4,1,4,3,1,1,3,1,1,0,1,2,1,5
2210,5,2,1,0,1,2,3,0,1,1,2,8,0,0,0,0,1,0,2,3,2,2,2,1,1,4,5,5,0,1,0,0,5
2681,6,2,0,0,1,0,0,0,0,0,0,2,0,0,0,0,0,0,0,1,0,1,1,0,0,0,0,2,0,0,1,0,0
184,0,0,1,0,5,3,0,0,1,0,0,0,2,1,1,0,0,0,4,1,0,1,2,3,1,1,0,0,1,0,0,1,5
180,0,0,1,0,3,8,2,1,0,3,1,2,10,0,2,12,0,1,11,0,2,5,4,8,1,3,8,1,2,1,3,11,5
1755,3,1,0,0,1,2,0,1,1,1,0,0,0,0,3,0,1,0,1,0,0,3,1,1,0,0,1,1,0,0,0,1,0
2265,5,2,0,0,1,0,0,0,0,0,0,0,0,0,1,0,0,0,0,0,0,0,0,1,0,1,0,0,0,0,0,0,0
1651,3,1,1,0,1,0,0,0,1,0,0,0,0,0,0,0,1,0,0,0,0,0,0,1,0,1,0,0,0,0,0,0,1
1711,3,1,0,0,1,1,1,0,2,0,4,2,3,2,1,4,0,1,3,0,2,0,1,2,2,3,1,1,0,0,1,2,2
1052,2,0,0,0,0,0,3,1,1,0,1,0,0,6,0,0,0,1,2,1,2,2,0,0,0,0,1,0,1,0,1,1,0
1986,4,1,0,0,0,1,0,0,0,0,0,0,0,0,0,0,0,0,0,0,0,0,1,0,0,0,1,0,0,0,0,1,0
2029,5,2,1,0,1,0,0,0,0,0,0,0,0,5,5,5,1,4,3,4,3,1,0,0,1,1,2,0,1,0,0,1,0
2441,5,2,1,0,1,0,0,1,2,1,0,1,2,0,0,0,0,2,0,1,2,0,0,0,1,0,0,0,1,0,0,0,0
231,1,0,1,0,1,4,2,4,4,2,0,6,9,2,0,0,0,1,5,9,1,1,0,4,1,2,3,6,0,4,0,6,7
1322,2,0,0,0,2,1,0,0,0,4,0,4,0,11,0,0,1,0,0,2,0,0,0,0,0,2,0,0,0,1,16,1,0
2042,5,2,0,0,0,0,0,1,0,0,3,4,4,2,1,1,3,0,4,2,6,1,0,5,3,2,2,1,1,4,0,2,0
2333,5,2,0,0,5,3,6,1,2,9,1,6,7,21,5,3,4,3,5,13,5,1,4,8,3,4,10,0,5,1,0,0,8
1964,4,1,0,0,0,0,0,0,0,0,1,0,0,0,0,0,0,0,0,0,0,0,0,0,0,0,1,0,0,0,0,0,0
2995,6,2,1,0,1,0,0,1,0,0,0,1,0,0,1,0,0,3,0,0,0,0,0,0,0,0,2,0,0,0,0,0,2
735,2,0,0,0,0,0,0,0,4,1,1,0,4,2,0,0,0,0,0,1,0,0,0,0,3,5,1,1,3,2,0,0,1
1827,3,1,1,0,1,1,0,0,0,0,0,0,0,1,0,0,0,0,0,0,0,0,0,0,0,0,0,0,1,0,0,2,1
337,1,0,1,0,3,0,0,2,2,1,1,2,1,1,0,0,0,0,2,0,1,0,5,2,0,0,0,2,1,1,2,0,0
165,0,0,1,0,2,1,0,1,0,0,0,1,2,1,0,0,0,0,1,5,0,0,0,0,2,0,2,0,2,0,0,0,2
2310,5,2,1,0,1,1,2,0,0,3,1,0,1,1,0,4,0,1,3,1,2,1,0,1,2,2,1,0,1,0,1,0,2
1735,3,1,0,0,0,0,0,0,0,0,0,0,0,0,0,0,0,0,0,1,1,0,0,0,1,1,0,0,0,0,0,0,0
507,1,0,0,0,9,9,11,7,5,13,8,18,13,10,13,9,9,18,8,11,5,1,1,1,7,3,3,2,3,3,3,4,5
924,2,0,0,0,4,0,0,2,1,0,0,0,0,0,0,0,0,0,0,0,6,2,0,0,2,1,0,1,0,0,1,0,6
2591,6,2,1,0,1,0,2,0,0,0,0,0,0,0,0,0,1,0,0,0,0,2,0,0,0,2,0,0,0,1,1,0,0
1642,3,1,1,0,0,0,1,0,0,0,0,0,0,1,0,0,0,1,0,0,0,0,0,0,0,0,0,0,0,0,0,0,0
2113,5,2,1,0,0,2,0,1,0,0,2,0,0,0,0,0,0,0,1,0,3,0,0,0,0,2,0,5,0,0,0,0,1
2697,6,2,0,0,1,1,0,0,0,0,0,0,2,0,0,0,0,0,0,0,0,0,1,1,1,0,1,0,0,0,0,0,0
2995,6,2,0,0,0,0,0,0,0,0,0,1,1,0,0,0,0,0,0,1,1,1,0,0,0,0,0,0,1,0,0,1,0
1657,3,1,1,0,0,0,2,0,3,0,3,2,0,1,0,3,1,2,2,1,2,0,0,0,0,0,2,1,0,1,2,3,1
2434,5,2,1,0,2,1,3,0,0,5,2,3,2,0,0,2,0,1,1,0,0,2,2,0,1,1,3,2,0,0,1,0,1
2193,5,2,0,0,0,1,0,0,1,1,0,4,2,1,0,2,2,3,2,1,2,2,1,0,1,1,4,0,0,1,0,2,2
2447,5,2,0,0,2,0,1,4,0,0,2,0,1,0,0,0,1,4,3,1,1,0,1,0,0,1,2,0,2,0,1,1,0
1182,2,0,0,0,7,9,10,5,5,4,6,10,14,7,8,10,5,6,13,14,9,6,1,10,5,7,19,11,4,1,8,5,8
1293,2,0,0,0,35,24,7,17,9,19,17,33,28,40,14,19,15,14,22,25,11,9,15,12,15,24,31,17,19,15,20,17,24
258,1,0,0,0,3,0,1,0,1,2,1,4,1,1,2,1,1,1,6,2,0,3,1,1,1,2,1,0,0,2,5,1,1
617,2,0,0,0,2,0,1,0,0,0,0,1,0,0,1,0,1,3,5,0,2,4,0,1,1,2,0,0,0,0,0,2,0
2610,6,2,0,0,0,1,0,0,0,0,0,0,1,0,0,0,0,0,2,0,0,0,1,0,0,1,0,1,1,0,0,0,0
220,1,0,0,0,0,0,0,0,0,1,1,0,0,1,0,2,1,0,2,0,0,0,0,0,0,1,1,0,0,0,1,1,0
1813,3,1,0,0,0,0,0,0,0,0,1,0,1,0,0,1,0,0,1,0,0,0,0,2,0,1,1,0,0,0,0,0,0
2241,5,2,1,0,7,3,1,0,0,1,3,2,1,1,3,1,1,0,3,1,0,2,0,3,2,2,1,0,3,3,0,1,3
2004,5,2,1,0,0,1,0,1,1,1,0,1,2,0,1,0,1,0,0,1,3,0,0,0,1,1,0,1,1,0,0,0,1
2235,5,2,0,0,2,2,1,1,0,3,3,0,3,1,2,2,0,3,3,0,3,3,2,1,0,2,2,1,0,1,0,1,3
1815,3,1,0,0,10,2,27,3,2,13,9,6,5,3,19,5,2,15,5,4,3,0,12,2,1,33,0,21,2,3,0,0,16
2595,6,2,0,0,1,0,0,0,0,1,1,1,2,0,0,2,1,0,0,3,0,0,1,0,0,0,2,0,1,0,0,0,0
2207,5,2,1,0,0,0,1,0,0,0,0,2,0,1,1,0,0,0,0,0,0,0,1,0,1,0,0,3,0,0,1,0,0
1180,2,0,0,0,4,5,6,1,1,2,3,12,8,3,3,2,7,3,2,5,4,4,1,0,3,4,3,2,1,6,2,3,8
628,2,0,0,0,6,3,1,0,0,0,1,1,1,0,1,0,0,0,1,0,0,0,0,0,0,0,0,0,0,3,0,3,4
2423,5,2,1,0,0,0,1,1,0,1,6,0,0,2,0,0,11,0,0,0,0,0,0,0,0,0,1,2,2,1,1,2,1
1050,2,0,0,0,0,0,0,0,0,0,0,0,0,0,0,0,0,0,0,0,0,0,0,0,0,0,0,0,0,1,1,1,0
2400,5,2,1,0,5,2,4,2,1,2,3,2,2,2,3,4,1,2,4,6,4,0,0,1,2,1,1,1,0,1,0,4,4
1345,2,0,0,0,0,0,0,0,0,0,0,0,0,0,0,0,0,0,0,0,0,0,0,0,0,0,0,0,0,1,0,1,0
2315,5,2,1,0,1,3,0,2,1,0,2,2,3,2,4,2,2,4,1,2,0,2,3,0,1,1,2,1,1,0,0,0,3
2475,5,2,0,0,0,0,0,0,0,0,0,0,0,0,0,1,0,0,0,0,0,0,0,0,0,0,0,0,0,0,1,0,0
1647,3,1,1,0,0,0,0,0,0,0,0,0,0,0,0,0,0,0,1,0,0,0,0,0,3,0,0,0,0,0,0,0,0
2781,6,2,0,0,0,0,1,0,0,0,0,0,0,0,0,0,1,1,1,0,0,0,0,0,1,0,1,1,0,0,1,0,0
893,2,0,0,0,25,13,6,10,6,1,10,11,3,6,9,8,8,9,15,10,10,5,6,5,7,12,15,5,5,10,2,6,17
109,0,0,0,0,10,2,3,1,3,1,4,2,1,1,1,0,4,1,3,5,1,1,3,4,0,0,1,2,1,3,0,0,6
2,0,0,1,0,1,0,0,6,1,0,0,0,1,0,0,1,0,0,4,1,1,1,2,1,3,0,1,0,1,0,1,1,2
1612,3,1,0,0,1,1,0,0,2,0,1,0,1,1,0,0,0,0,1,0,0,0,1,1,0,2,1,0,0,0,0,0,3
232,1,0,1,0,3,0,1,0,0,0,0,0,2,1,0,0,0,0,3,2,0,0,0,0,1,1,1,0,5,0,1,1,0
297,1,0,0,0,0,0,3,1,1,2,0,5,2,4,4,6,1,2,3,6,3,2,2,4,3,5,2,0,2,4,4,1,5
1482,3,1,0,0,0,0,2,1,0,0,1,3,1,2,2,1,1,0,2,1,0,1,0,1,0,1,2,0,2,0,0,1,1
1797,3,1,1,0,0,6,8,21,0,0,26,5,7,7,0,6,2,0,6,4,0,11,10,0,0,16,11,0,6,1,5,0,5
13,0,0,1,0,1,4,0,8,3,4,0,4,0,2,0,0,1,4,3,4,3,1,0,0,2,1,1,0,6,0,4,0,2
2512,5,2,0,0,3,1,0,1,0,0,0,1,2,1,0,1,1,1,0,0,0,0,0,1,1,1,0,1,2,0,0,0,0
1217,2,0,0,0,2,1,1,1,1,2,0,0,2,0,1,0,1,2,4,0,2,0,1,1,1,2,6,2,2,1,1,2,0
2941,6,2,0,0,0,0,1,1,1,2,1,2,3,1,1,1,3,1,2,1,0,0,1,1,2,1,1,2,0,1,0,0,5
697,2,0,0,0,1,1,0,0,0,0,1,0,1,0,0,0,0,3,0,2,2,0,0,0,6,0,0,1,0,0,0,0,0
2873,6,2,0,0,0,1,1,3,2,0,1,2,2,0,0,1,1,0,0,0,1,2,0,0,0,0,4,0,0,0,0,0,2
806,2,0,0,0,2,2,1,2,0,2,1,3,3,3,1,5,2,3,4,4,3,2,3,3,2,0,3,3,3,1,2,0,1
2374,5,2,1,0,0,0,1,1,0,2,0,0,1,1,1,0,1,0,0,1,0,0,0,0,0,0,2,0,1,0,1,0,0
1486,3,1,1,0,2,0,0,1,0,0,0,0,0,1,0,1,2,0,0,1,0,0,1,0,0,1,0,0,0,1,0,0,0
2976,6,2,1,0,1,3,1,2,0,0,1,1,2,3,0,0,1,0,1,2,1,0,0,0,2,0,1,0,0,2,0,0,0
1720,3,1,0,0,0,0,2,0,0,1,2,0,0,0,1,0,0,0,1,0,0,1,0,0,1,2,0,0,1,0,0,0,2
257,1,0,1,0,0,0,0,0,0,0,0,0,0,0,2,0,0,0,0,0,0,0,0,0,0,0,0,0,0,0,0,0,0
2279,5,2,0,0,0,1,0,0,3,0,1,3,2,1,1,1,3,0,2,3,3,0,0,0,3,0,3,0,0,1,0,0,2
2950,6,2,0,0,0,0,0,2,0,0,1,1,0,0,1,0,0,0,0,1,0,0,1,0,0,0,1,0,0,0,1,0,1
2605,6,2,0,0,7,0,0,1,0,1,1,1,3,2,0,3,0,0,5,1,0,0,2,0,0,0,3,0,0,0,2,2,1
3029,6,2,0,0,0,0,0,0,1,0,0,0,0,1,0,0,0,0,0,0,0,0,0,0,0,0,0,0,0,0,0,0,0
1848,3,1,1,0,1,1,0,1,0,1,2,0,2,0,1,0,1,0,1,0,0,0,1,2,1,2,1,1,0,0,0,0,0
1553,3,1,1,0,0,0,0,0,0,0,0,0,0,1,0,0,0,1,1,2,0,0,1,0,0,0,0,0,0,0,0,0,0
672,2,0,0,0,0,6,6,7,4,0,1,0,2,1,1,2,2,0,5,2,3,1,1,4,1,0,3,1,0,2,0,3,0
1963,4,1,1,0,0,0,0,0,0,0,0,1,1,0,0,0,0,0,0,0,0,0,1,0,0,0,0,0,0,0,0,0,0
209,0,0,1,0,1,2,0,1,0,0,0,0,2,1,0,0,0,0,4,1,1,0,0,0,0,1,0,1,1,0,0,3,0
693,2,0,0,0,3,0,3,0,0,0,0,0,0,0,0,0,0,0,1,1,1,1,1,1,0,1,0,1,0,0,2,0,0
2389,5,2,0,0,2,0,0,0,0,1,1,1,6,0,0,0,5,0,6,2,0,2,5,3,7,1,4,2,1,2,4,5,0
281,1,0,1,0,1,0,0,0,0,2,0,0,0,0,1,1,0,0,1,0,2,0,0,1,0,1,1,0,0,0,1,0,1
1441,3,1,1,0,4,0,2,2,2,1,3,2,6,1,2,0,1,2,3,1,2,0,1,0,0,2,0,0,0,0,0,3,1
2947,6,2,1,0,0,0,0,0,0,0,0,0,0,0,0,0,0,0,0,0,0,0,0,0,0,0,0,0,0,0,0,0,0
1073,2,0,0,0,0,0,0,0,0,0,0,0,0,0,0,0,0,0,0,0,0,0,0,0,0,0,0,0,1,2,1,2,1
2926,6,2,0,0,1,1,0,0,1,0,1,0,0,0,0,0,1,0,0,1,0,0,0,1,0,0,1,0,0,0,0,0,0
2364,5,2,0,0,2,1,2,3,0,1,2,2,1,1,1,1,4,2,1,1,4,2,0,0,1,1,1,0,0,1,0,0,0
2646,6,2,0,0,1,0,1,1,2,0,1,1,3,0,0,1,0,2,1,1,0,1,0,1,0,0,0,1,1,0,0,0,1
2361,5,2,1,0,0,0,1,0,0,0,0,0,1,1,0,0,0,1,1,0,0,0,0,1,0,0,1,0,0,0,0,4,1
1933,4,1,1,0,0,1,1,0,1,0,3,0,0,0,0,0,0,0,0,0,0,1,1,0,0,0,0,0,0,0,0,1,0
2749,6,2,1,0,4,1,0,0,0,0,2,2,0,1,0,2,0,1,0,0,2,0,0,0,0,3,3,0,1,1,0,0,2
309,1,0,0,0,1,0,0,0,1,0,0,2,0,2,0,3,0,2,3,2,0,1,2,1,1,3,0,0,0,0,0,0,0
1788,3,1,0,0,0,0,0,0,0,0,0,0,0,0,0,0,0,0,0,0,0,0,0,0,0,0,0,0,0,0,0,0,0
237,1,0,1,0,0,1,0,0,0,0,0,0,1,0,0,1,3,1,0,4,0,1,0,0,0,0,1,0,1,0,1,0,2
1781,3,1,1,0,0,5,6,4,0,1,2,1,9,0,0,0,0,0,0,7,2,2,0,2,2,13,3,0,1,2,0,2,5
1109,2,0,0,0,4,3,3,0,0,1,1,3,0,1,3,2,0,4,2,2,4,3,2,0,0,3,3,3,1,0,1,1,0
320,1,0,1,0,1,1,0,0,0,0,0,1,0,1,0,0,0,0,0,1,0,0,2,0,1,0,0,1,0,0,0,0,2
2155,5,2,0,0,2,1,0,2,0,0,1,0,1,0,4,1,0,0,1,0,2,0,0,0,5,0,2,0,0,1,1,1,1
1090,2,0,0,0,0,0,1,1,0,1,0,1,3,0,0,0,0,0,2,2,0,0,0,0,0,0,0,0,0,0,0,0,0
1110,2,0,0,0,1,0,0,0,0,64,0,0,0,2,0,0,0,4,6,18,8,2,0,9,5,4,0,10,8,6,4,1,14
2949,6,2,1,0,0,0,0,0,0,2,0,0,0,0,0,1,0,0,0,0,1,0,0,0,0,0,0,0,0,0,0,1,1
1745,3,1,0,0,1,1,0,1,0,1,6,1,0,0,1,2,0,0,2,1,0,0,0,0,1,2,0,1,1,0,1,0,1
63,0,0,0,0,0,0,0,0,0,0,0,0,3,1,1,0,0,1,0,1,3,0,0,0,2,0,0,1,2,1,0,0,0
2270,5,2,0,0,2,2,3,1,2,0,1,4,3,1,4,2,1,4,4,0,1,3,4,4,2,3,1,2,3,0,1,3,3
1803,3,1,0,0,0,0,0,0,0,0,0,0,0,0,0,0,0,0,0,0,0,0,0,0,0,0,0,0,0,0,0,0,0
2894,6,2,1,0,0,0,0,0,0,0,0,0,0,0,0,0,0,0,0,0,0,0,0,0,0,0,0,0,0,0,0,0,0
466,1,0,0,0,0,0,0,0,0,0,0,0,0,0,1,0,1,1,0,0,1,1,1,0,0,2,0,1,0,0,0,0,0
2426,5,2,1,0,6,3,0,3,4,7,3,8,5,10,2,2,2,2,5,4,3,2,0,2,2,7,4,3,3,2,3,4,4
185,0,0,1,0,0,0,3,0,3,1,0,1,1,2,0,0,3,0,1,0,2,1,0,0,0,5,0,1,1,1,0,1,1
2867,6,2,1,0,2,4,0,0,1,2,0,3,8,2,1,1,0,1,0,5,0,1,0,0,1,0,6,4,2,4,1,5,6
134,0,0,0,0,0,0,0,0,0,0,0,0,0,0,0,0,0,0,0,0,0,0,0,0,0,0,0,0,0,0,0,5,9
1456,3,1,0,0,0,0,0,0,0,1,0,1,1,1,0,0,0,0,0,0,0,0,0,0,1,1,0,0,0,0,0,0,0
2759,6,2,0,0,1,1,0,0,0,1,2,0,2,0,0,0,0,0,0,0,0,0,0,0,0,1,0,0,0,0,0,0,0
1955,4,1,1,0,1,0,1,0,0,0,0,0,0,0,0,1,0,0,0,0,0,0,0,0,0,0,0,1,0,0,0,1,0
909,2,0,0,0,2,1,0,3,2,2,1,1,3,4,1,3,0,1,4,5,1,1,2,4,0,2,1,1,4,2,0,1,1
1655,3,1,0,0,2,2,2,1,1,1,1,2,1,1,1,0,0,3,1,3,1,0,0,0,1,2,1,0,1,2,3,3,3
2924,6,2,0,0,0,0,0,0,0,1,0,0,0,0,1,0,0,0,0,0,0,0,0,0,0,0,0,0,0,0,1,0,0
1875,4,1,0,0,0,0,0,0,0,0,0,0,0,0,0,0,2,0,1,0,0,0,0,1,0,0,1,0,0,0,0,0,0
2562,6,2,1,0,0,0,0,1,0,0,1,2,0,0,0,0,0,0,0,1,0,0,0,0,1,0,0,0,0,0,0,0,1
1138,2,0,0,0,6,3,9,3,2,7,6,13,10,14,5,4,3,10,5,7,13,8,2,5,5,3,12,3,16,5,1,5,8
1676,3,1,1,0,2,0,0,1,1,0,1,2,1,1,0,1,1,2,0,1,0,1,0,0,3,2,1,2,0,1,1,1,1
1821,3,1,1,0,0,0,0,0,0,0,1,0,0,0,0,1,0,0,0,1,1,0,0,0,1,0,0,0,0,0,0,0,0
913,2,0,0,0,3,0,0,1,1,0,1,4,1,1,3,2,0,0,4,1,2,0,1,0,0,0,0,2,0,0,0,1,1
3038,6,2,1,0,0,0,0,0,0,0,1,2,0,0,0,0,0,0,0,1,0,0,1,0,1,0,0,0,0,0,0,0,0
2076,5,2,1,0,1,0,0,0,2,1,2,2,0,0,0,0,0,0,1,2,0,0,1,1,4,0,2,0,2,0,1,0,0
1151,2,0,0,0,1,2,0,0,1,1,2,0,0,1,0,0,4,0,4,0,2,0,2,0,0,0,0,1,1,0,0,0,2
2239,5,2,0,0,0,0,1,6,1,2,5,4,2,3,6,3,0,4,2,3,6,0,0,1,2,3,2,3,2,4,4,1,4
1385,2,0,0,0,2,0,1,0,2,0,2,0,0,2,0,1,1,3,2,2,2,1,2,1,2,0,0,0,0,1,1,1,0
616,2,0,0,0,0,0,3,0,0,1,3,0,1,0,1,0,0,1,1,1,0,0,0,1,0,1,1,1,0,0,0,0,1
124,0,0,1,0,1,1,0,1,2,3,4,1,6,1,0,2,0,4,3,1,1,3,2,1,2,0,2,1,0,1,3,6,2
465,1,0,0,0,4,1,1,0,0,0,2,2,1,2,2,0,1,1,3,0,2,0,0,1,0,0,1,0,0,2,0,1,2
2019,5,2,0,0,0,1,3,2,1,1,3,1,1,1,1,1,1,2,1,0,2,1,0,1,0,2,2,2,1,4,1,1,0
1640,3,1,0,0,0,0,0,0,0,0,0,0,0,0,0,0,0,0,0,0,0,0,0,0,0,0,0,0,0,0,0,0,0
2734,6,2,1,0,0,0,0,0,0,0,0,0,0,0,0,0,0,0,0,0,0,0,0,0,0,0,0,0,0,0,0,0,0
1866,4,1,1,0,0,0,0,0,0,0,0,0,0,0,0,0,0,0,0,0,0,0,0,0,0,0,1,0,0,0,0,0,0
1317,2,0,0,0,0,0,0,0,0,0,0,0,0,0,0,0,0,0,0,0,0,0,0,0,0,0,0,0,0,0,0,2,2
1473,3,1,1,0,2,0,0,0,0,1,0,2,1,0,0,1,0,0,0,0,1,0,1,0,0,0,0,1,1,0,0,3,0
2455,5,2,0,0,0,0,1,0,0,0,0,0,1,0,0,0,1,1,0,0,0,0,0,0,0,0,0,0,0,0,0,0,0
3020,6,2,0,0,1,0,1,0,1,0,0,0,0,0,0,0,1,0,0,3,0,0,0,0,0,0,0,0,1,0,0,0,0
2469,5,2,0,0,0,0,0,0,0,0,0,0,0,0,0,0,0,0,0,0,0,0,0,0,0,0,0,0,0,0,0,0,1
106,0,0,0,0,1,1,1,0,0,0,2,1,2,0,2,2,1,1,0,0,0,1,0,0,0,1,0,1,1,1,0,0,2
2718,6,2,0,0,0,1,0,0,0,0,1,0,1,1,0,0,0,0,0,1,0,0,0,0,3,1,1,0,0,1,1,1,0
886,2,0,0,0,4,3,5,5,0,0,8,1,3,1,6,0,1,18,4,0,5,1,0,0,2,11,3,5,0,1,2,0,2
1738,3,1,1,0,1,1,1,0,0,0,0,0,1,0,1,1,0,1,0,1,0,0,2,1,0,1,1,0,1,0,2,1,0
1954,4,1,0,0,0,0,0,0,1,0,0,0,0,0,0,0,0,1,0,0,0,0,0,0,0,0,0,1,0,0,0,0,0
135,0,0,0,0,1,2,1,0,1,0,3,0,0,1,0,0,0,0,0,0,1,0,1,2,0,3,4,1,0,0,0,1,0
3040,6,2,1,0,1,0,0,1,2,0,1,0,1,0,0,1,0,0,0,0,0,1,0,0,0,0,0,0,0,0,0,1,1
2120,5,2,1,0,0,0,0,2,0,0,1,1,1,0,0,0,1,0,0,2,0,3,0,0,0,0,2,1,0,0,0,0,1
2105,5,2,0,0,3,1,3,0,1,2,2,1,3,1,2,2,2,3,2,2,0,0,1,1,3,2,1,1,1,3,2,1,4
2447,5,2,1,0,0,0,2,1,4,1,0,3,1,1,3,1,1,1,5,4,0,0,0,1,2,2,2,1,1,0,0,0,2
1414,2,0,0,0,0,0,1,0,0,1,0,0,2,0,0,1,2,0,0,1,1,1,0,0,0,0,0,1,1,1,0,0,0
271,1,0,1,0,5,3,0,3,3,2,4,5,3,0,1,1,1,2,1,3,2,0,3,1,4,0,2,0,2,0,0,5,7
1674,3,1,1,0,1,0,0,1,0,0,1,2,1,1,1,0,0,0,0,0,0,0,0,0,1,0,1,0,0,0,0,0,1
1038,2,0,0,0,0,0,1,2,0,0,2,3,0,0,0,0,2,0,0,1,0,1,0,0,3,1,0,0,0,0,2,0,1
2841,6,2,1,0,0,1,1,0,0,0,0,0,0,0,0,0,0,0,0,2,0,0,1,0,0,0,1,0,0,0,0,0,0
1580,3,1,1,0,2,0,0,3,0,1,2,1,0,0,2,1,0,0,5,3,0,0,0,0,2,1,0,2,0,0,3,3,2
512,1,0,0,0,1,0,1,1,0,0,0,2,0,0,1,1,0,0,0,0,1,0,0,0,0,0,0,0,0,0,0,1,1
1763,3,1,1,0,0,0,0,0,0,0,0,0,0,0,0,0,0,0,0,0,0,0,0,0,0,0,0,0,0,0,0,0,0
1780,3,1,1,0,3,2,1,0,0,0,0,1,2,2,1,4,0,1,1,1,0,2,1,1,1,0,2,0,1,1,0,1,2
1873,4,1,1,0,1,0,0,1,0,0,0,0,0,0,0,0,0,0,0,0,1,0,0,0,0,0,0,0,0,0,1,0,0
2196,5,2,0,0,0,0,0,0,0,0,0,0,0,0,0,0,0,0,0,0,0,0,0,0,0,0,0,0,0,0,0,0,0
1767,3,1,1,0,1,2,1,2,1,0,2,3,0,0,4,1,0,0,2,1,0,0,1,0,1,1,0,1,0,1,1,1,3
2828,6,2,1,0,1,2,0,0,0,1,0,0,0,0,0,0,0,0,0,0,0,0,0,1,0,0,0,0,0,1,0,0,0
914,2,0,0,0,7,7,4,3,6,4,5,10,9,7,5,3,3,8,5,11,9,2,4,12,9,9,16,15,5,9,4,3,0
197,0,0,1,0,2,7,3,1,2,0,0,1,5,4,0,3,0,0,3,2,1,3,1,0,0,0,4,0,2,2,1,1,3
2344,5,2,0,0,3,3,2,2,1,2,5,1,3,2,3,2,2,1,1,3,1,3,0,6,0,5,4,2,1,2,0,3,4
1071,2,0,0,0,2,2,1,1,0,0,3,1,2,1,0,3,3,1,3,3,0,2,2,2,2,2,4,1,2,1,1,2,7
1651,3,1,0,0,0,0,0,0,0,0,0,1,0,0,0,0,1,0,0,1,0,0,0,1,0,0,1,0,0,0,1,0,0
1719,3,1,1,0,0,0,1,0,0,0,0,0,3,1,0,0,0,0,0,0,0,0,0,0,0,1,0,0,0,0,0,0,0
2846,6,2,1,0,0,0,0,0,0,0,0,0,0,0,0,1,0,0,0,0,0,0,1,2,0,0,2,0,0,0,0,0,1
2130,5,2,0,0,1,0,0,0,0,1,0,0,0,0,0,1,0,0,0,2,0,0,0,1,0,0,0,1,0,0,0,1,0
2940,6,2,0,0,0,1,0,0,0,0,0,1,1,0,1,0,0,0,1,1,0,0,0,0,1,1,0,0,0,1,0,0,1
802,2,0,0,0,2,0,1,0,2,0,2,2,10,3,0,0,0,1,1,0,0,0,0,0,1,3,11,2,0,5,1,0,1
506,1,0,0,0,0,0,0,0,0,0,0,0,0,0,0,0,0,0,0,0,0,0,0,0,0,0,0,0,0,0,0,0,0
2246,5,2,1,0,1,2,0,0,0,0,0,0,0,2,0,0,0,0,0,0,0,0,1,0,0,0,1,0,0,1,0,1,3
850,2,0,0,0,5,7,0,1,3,4,1,4,9,5,9,2,6,5,5,6,3,6,1,1,3,3,5,3,4,1,4,1,5
2023,5,2,1,0,0,0,0,0,0,1,1,1,1,0,1,1,4,1,1,0,0,1,2,0,1,0,0,1,0,0,3,2,0
2493,5,2,1,0,0,0,0,0,0,0,0,0,2,0,1,0,0,1,0,0,0,1,0,0,0,2,0,0,2,0,0,0,0
2866,6,2,1,0,0,0,0,0,0,0,0,0,0,0,0,0,0,0,0,1,0,0,0,0,1,1,3,0,0,0,0,0,1
1633,3,1,0,0,1,0,0,0,1,1,1,0,3,0,0,0,0,0,0,0,0,0,0,0,0,0,2,1,0,1,1,1,0
6,0,0,1,0,0,2,1,0,2,1,0,0,1,0,0,0,0,0,0,1,0,1,0,0,0,2,0,0,0,0,0,0,1
2980,6,2,0,0,0,0,0,0,0,1,2,0,0,0,0,1,0,0,0,0,0,0,0,0,0,1,0,0,0,0,0,0,0
2767,6,2,0,0,0,0,0,0,0,0,0,0,0,0,0,0,0,0,0,0,0,0,0,0,0,0,0,0,0,0,0,0,0
2316,5,2,0,0,2,1,2,1,1,5,2,1,1,0,0,0,0,2,1,0,2,3,3,0,0,3,1,3,3,2,0,0,0
2890,6,2,1,0,0,0,0,0,0,0,0,1,1,0,1,0,0,0,0,0,1,0,0,0,0,0,1,0,0,0,0,0,0
1889,4,1,1,0,0,0,0,0,0,0,1,0,0,0,1,0,0,0,0,0,0,0,0,0,0,0,0,0,0,0,0,0,0
2282,5,2,1,0,5,5,1,2,0,1,4,6,2,2,1,2,2,3,6,3,5,0,3,1,2,4,3,1,1,3,0,2,2
329,1,0,1,0,3,4,3,4,3,4,2,3,6,1,7,2,3,3,6,6,1,0,2,1,3,2,2,1,2,1,1,1,1
2324,5,2,0,0,2,1,5,1,0,0,0,2,0,2,2,1,0,0,2,1,3,0,1,3,0,1,0,1,1,1,2,4,1
2782,6,2,0,0,0,1,0,2,0,2,0,0,0,1,0,0,1,0,0,2,1,0,1,0,0,0,0,1,0,0,1,1,0
1505,3,1,0,0,0,0,0,0,0,0,0,0,1,1,0,0,0,0,0,1,0,0,0,0,0,0,0,0,0,0,0,0,0
2598,6,2,1,0,0,0,1,0,0,0,0,0,0,0,0,0,0,0,0,0,0,0,0,0,0,0,0,0,0,0,0,1,0
203,0,0,0,0,10,2,1,0,0,1,2,4,0,1,3,0,2,0,0,1,1,0,1,2,2,0,2,1,0,2,0,1,3
2005,5,2,0,0,3,0,0,0,0,1,6,1,6,1,1,0,1,1,7,0,2,0,0,1,0,5,0,0,0,0,0,0,1
555,1,0,0,0,0,0,0,0,0,0,0,0,0,0,0,0,0,0,0,0,0,0,0,0,0,0,0,0,0,0,0,0,0
1533,3,1,0,0,1,1,0,2,1,0,0,1,1,0,0,0,1,0,1,0,0,1,0,0,2,3,1,3,0,0,1,1,1
2569,6,2,1,0,0,1,0,1,0,2,2,0,1,1,1,2,2,1,3,7,1,2,3,1,0,4,0,1,1,0,1,0,1
1741,3,1,1,0,0,0,0,0,0,0,0,0,0,0,1,0,0,0,2,0,0,0,0,1,0,1,0,0,0,0,0,0,0
1576,3,1,0,0,3,0,2,0,0,1,3,1,3,0,0,0,3,1,1,0,0,0,0,0,1,2,0,1,1,1,3,1,0
293,1,0,1,0,0,1,0,0,2,0,1,0,3,1,0,1,3,1,2,0,1,1,2,0,2,3,1,1,1,0,0,0,2
990,2,0,0,0,4,1,0,4,3,1,2,2,3,4,1,1,0,4,3,1,0,0,0,4,1,2,1,0,0,2,0,1,0
2411,5,2,1,0,0,1,0,0,0,0,1,1,0,1,0,0,1,0,0,2,0,1,0,0,1,0,1,1,1,3,1,0,0
111,0,0,1,0,2,1,1,2,1,3,2,2,0,1,2,0,0,0,0,1,0,2,1,1,1,2,2,0,0,1,0,0,0
3043,6,2,0,0,5,1,0,0,0,0,0,6,0,0,0,0,1,2,0,3,0,0,0,3,2,1,0,0,3,1,1,0,5
17,0,0,0,0,16,11,3,3,3,14,16,9,13,8,0,0,24,9,8,7,8,0,1,1,9,19,1,8,10,27,2,4,15
2976,6,2,0,0,1,3,0,0,1,0,1,0,1,0,0,0,1,3,1,1,2,0,2,1,0,2,0,0,0,0,0,0,0
82,0,0,0,0,0,0,0,0,0,0,0,0,0,0,0,0,0,0,0,0,0,0,0,0,0,0,0,0,0,0,0,0,0
447,1,0,0,0,0,0,0,0,1,1,3,3,3,2,3,4,2,0,3,6,0,0,0,2,2,1,0,0,0,5,1,1,3
1900,4,1,0,0,0,0,0,0,0,0,1,0,0,0,0,0,0,0,0,0,0,0,0,0,0,1,1,0,0,0,2,0,0
718,2,0,0,0,4,1,24,0,0,0,0,0,0,2,1,7,11,6,15,0,5,4,14,0,3,9,11,1,0,1,0,8,8
1431,2,0,0,0,2,2,2,0,2,2,3,7,6,3,3,7,3,5,2,4,3,4,3,3,1,5,5,0,4,3,1,3,4
73,0,0,1,0,0,2,2,0,0,0,0,0,2,1,0,0,0,0,0,2,0,2,0,0,1,1,0,0,0,0,0,1,4
2031,5,2,0,0,0,0,0,1,0,0,0,1,0,0,1,2,1,0,2,1,0,2,1,0,0,1,2,2,0,2,0,1,0
2202,5,2,1,0,2,1,0,2,1,2,3,6,2,1,0,3,2,1,2,1,1,1,0,0,2,5,1,3,2,0,0,3,0
2062,5,2,0,0,1,3,0,2,0,0,2,0,3,0,0,2,2,0,0,1,3,0,1,0,0,2,2,3,0,0,1,1,0
1887,4,1,0,0,0,0,0,0,0,0,0,1,1,0,1,0,0,0,0,0,1,0,1,0,1,0,0,1,0,0,0,0,1
2936,6,2,0,0,0,0,0,0,0,0,0,0,0,0,2,0,0,1,0,0,0,0,0,0,0,0,0,0,0,0,2,1,0
844,2,0,0,0,4,4,2,3,1,5,12,8,5,4,1,4,0,3,7,4,0,5,5,4,6,4,1,4,2,1,5,2,4
61,0,0,1,0,4,2,1,0,0,0,0,0,2,0,0,0,0,5,0,1,1,1,0,1,0,1,0,0,0,0,0,0,5
1372,2,0,0,0,4,0,0,0,0,0,0,0,3,0,1,0,0,0,0,0,0,1,1,0,0,0,3,2,0,0,1,0,2
3006,6,2,0,0,0,0,0,1,0,1,0,0,0,0,0,0,0,0,0,0,0,0,0,0,0,0,0,1,0,0,0,0,0
2471,5,2,0,0,0,0,0,0,0,0,0,0,0,0,0,0,0,0,0,0,0,0,0,0,0,0,0,0,0,2,0,0,1
1906,4,1,1,0,0,3,0,0,0,0,0,1,0,0,0,2,0,0,0,0,0,0,0,3,1,0,0,0,0,0,1,0,1
2994,6,2,0,0,0,0,0,0,0,0,1,0,2,0,0,0,0,0,0,0,0,0,0,0,0,1,0,1,0,0,0,0,0
2012,5,2,1,0,4,2,2,1,2,1,2,5,2,0,3,2,0,1,2,0,1,1,1,0,1,1,1,3,0,1,1,2,2
3,0,0,1,0,0,0,0,0,0,0,0,0,0,0,0,0,0,0,0,0,0,0,0,0,0,0,0,0,0,0,0,0,0
1587,3,1,0,0,3,2,2,2,5,3,5,4,2,5,1,4,4,2,1,5,3,1,4,6,0,4,3,3,4,1,2,3,3
2857,6,2,0,0,0,0,0,0,2,0,0,1,1,0,0,1,0,0,0,1,0,0,0,0,0,0,1,0,1,1,1,1,2
399,1,0,0,0,0,1,0,2,0,0,4,3,1,2,1,1,0,0,0,0,1,0,1,1,0,0,1,2,0,2,1,0,1
1074,2,0,0,0,5,6,8,3,0,0,9,1,10,7,6,9,6,13,3,16,5,5,4,0,0,5,7,9,3,8,0,8,9
174,0,0,0,0,0,2,0,0,1,0,0,1,1,1,0,0,0,0,2,0,0,1,0,1,1,0,1,1,1,0,1,0,1
1525,3,1,0,0,4,2,2,0,0,4,4,3,0,0,1,0,0,6,4,4,0,9,0,4,0,1,7,1,3,2,0,0,1
1894,4,1,0,0,0,2,0,0,3,2,1,1,0,1,0,1,4,0,1,0,0,1,0,0,1,0,4,0,2,0,0,1,1
2742,6,2,0,0,0,0,0,0,0,0,0,0,0,0,0,0,0,0,0,0,0,0,0,0,0,0,0,0,0,0,0,0,0
1313,2,0,0,0,14,1,5,7,6,9,11,10,10,10,9,18,11,5,7,14,4,13,10,12,4,17,19,13,12,5,16,10,20
1658,3,1,1,0,0,1,0,0,0,0,0,0,0,0,1,0,0,0,0,0,0,1,1,0,0,1,1,0,0,0,0,0,2
1615,3,1,1,0,0,0,0,0,0,0,0,0,0,0,0,0,0,0,0,0,0,2,1,0,0,1,1,0,3,0,0,0,2
376,1,0,0,0,5,0,0,0,1,4,2,1,11,3,0,1,1,3,3,6,2,1,1,0,0,3,2,5,2,0,1,1,4
2142,5,2,1,0,8,4,0,1,0,0,4,7,5,2,6,5,0,1,3,4,3,3,3,1,1,1,3,6,4,2,3,3,7
2034,5,2,1,0,1,0,0,0,0,0,0,0,0,1,0,0,1,0,0,0,0,1,0,0,0,0,0,0,0,0,0,0,0
2268,5,2,0,0,0,0,0,0,0,0,8,9,12,7,9,8,4,4,16,13,12,9,4,4,3,11,14,7,1,3,4,1,5
1676,3,1,0,0,5,2,0,0,2,1,0,2,4,2,2,1,1,1,3,0,4,3,2,0,1,4,0,2,0,1,0,0,2
20,0,0,1,0,0,3,1,0,0,0,2,0,0,0,1,1,3,2,0,2,1,0,3,0,0,0,0,0,0,0,2,0,0
1410,2,0,0,0,2,1,2,1,1,2,1,2,2,3,2,1,7,6,1,0,2,1,5,0,0,2,3,1,0,1,1,14,1
1536,3,1,1,0,0,1,1,1,0,1,0,1,1,1,0,0,0,0,1,3,0,1,0,1,2,0,0,0,0,0,0,1,2
334,1,0,0,0,0,0,0,1,1,5,1,3,2,2,1,1,0,1,2,2,0,1,1,0,0,0,0,0,0,0,0,0,0
1163,2,0,0,0,1,0,0,0,1,2,4,1,2,0,1,0,0,1,1,8,1,2,0,0,0,1,6,1,0,0,0,0,0
1629,3,1,0,0,1,2,0,0,0,0,2,0,1,1,0,0,0,0,0,1,0,0,0,1,1,1,1,0,0,0,0,0,0
188,0,0,1,0,0,0,0,0,0,0,0,0,0,0,0,1,0,0,0,0,0,0,0,0,0,0,0,0,0,0,0,0,0
278,1,0,1,0,5,1,1,3,2,3,2,2,4,4,2,2,2,7,7,1,4,0,0,3,3,4,6,2,2,3,0,5,5
2381,5,2,0,0,3,2,2,5,1,11,1,3,7,6,5,4,3,0,3,5,1,5,3,2,2,3,8,6,6,1,2,3,5
2705,6,2,0,0,0,0,2,0,0,1,0,1,1,0,0,0,2,0,2,0,2,0,1,0,1,0,4,0,1,0,0,1,0
2619,6,2,1,0,0,0,0,0,0,0,0,0,0,0,0,1,0,1,0,0,0,0,0,2,1,0,1,0,0,0,0,0,0
695,2,0,0,0,3,0,1,1,0,0,5,3,2,2,0,0,2,2,2,1,1,1,2,2,2,2,1,1,1,3,0,3,0
2812,6,2,1,0,1,1,0,0,0,0,0,0,0,0,0,0,0,0,0,0,0,0,0,0,0,0,0,0,0,0,0,0,0
50,0,0,1,0,0,5,0,0,0,2,1,0,0,1,0,3,0,3,1,2,0,1,1,1,2,1,2,0,0,1,0,1,4
701,2,0,0,0,0,2,1,1,0,0,0,0,0,0,1,1,2,0,0,1,3,1,2,0,1,0,0,0,0,0,4,2,0
1602,3,1,1,0,0,0,0,0,0,0,0,0,0,0,0,0,0,0,1,0,0,0,0,0,0,0,0,0,2,0,0,0,0
1120,2,0,0,0,0,0,0,0,0,1,0,0,0,2,0,2,4,1,0,1,1,1,0,1,0,0,1,0,0,1,0,0,0
314,1,0,0,0,2,0,4,0,0,0,0,2,0,2,0,5,0,2,2,0,0,0,0,3,4,1,0,0,0,1,0,1,2
